CNES,UF,IBGE,NOME,LOGRADOURO,BAIRRO,LATITUDE,LONGITUDE
0287539,13,130440,UBS DR DAVID CARDENAS BENAVENTE,RUA SANTA MADALENA,ITAPEACU,"-2,9613","-58,05652"
0068993,13,130250,UBS DONA NEGA,RODOVIA AM 352 KM 34,ZONA RURAL DE MANACA,"-3,18836","-60,71626"
0200905,13,130110,CENTRO DE ATENDIMENTO DARCY DANTAS DOURADO,RUA TRINTA E UM DE MAIO,VISTA ALEGRE,"-3,82252","-60,35768"
0224146,13,130250,UBS DR RANGEL RUIZ,CONJUNTO DESEMBARGADOR ATALIBA DAVID ANTONIO,MIRITI,"-3,26662","-60,65678"
0224154,13,130250,UBS SAO PEDRO,COMUNIDADE SAO PEDRO DO AJARATUBA,ZONA RURAL,"-3,61485","-61,19522"
0258490,13,130260,USF O 53,RUA PERIMETRAL DUQUE DE CAXIAS,TARUMA,"-3,01907","-60,04419"
0266116,13,130080,UNIDADE BASICA DE SAUDE DA FAMILIA PSF WILSON RAMOS,RUA PROJETADA 1,NOVA ESPERANCA,"-4,39642","-59,60372"
0694126,13,130270,UBS DE DEMOCRACIA,COMUNIDADE DE DEMOCRACIA,ZONA RURAL,"-5,84725","-61,71784"
0288527,13,130270,UBS JOSE CARDOSO DA PAIXAO,COMUNIDADE DE CAPANAZINHO,ZONA RURAL,"-5,84725","-61,71784"
0148601,13,130406,CENTRO DE SAUDE DO BAIRRO VILA PARAISO,RUA NOEMIA GARZON,VILA PARAISO,"-4,253","-69,938"
2011786,13,130260,USF AJURICABA,AVENIDA LESTE,ALVORADA,"-3,06208","-60,03927"
2013487,13,130260,USF SANTOS DUMONT,RUA COMANDANTE NORBERTO WON GAL,DA PAZ,"-3,05203","-60,03258"
2013517,13,130260,USF SANTA LUZIA,RUA LEOPOLDO NEVES,SANTA LUZIA,"-3,13723","-60,00605"
2013541,13,130260,USF THEOMARIO PINTO DA COSTA,RUA NAZARETH MESQUITA,PARQUE 10 DE NOVEMBR,"-3,07515","-60,01611"
2015307,13,130260,USF VILA DA PRATA,RUA PROMECIO,VILA DA PRATA,"-3,11101","-60,04443"
2015463,13,130260,UBS LINDALVA DAMASCENO,AVENIDA DO TURISMO,TARUMA,"-2,98541","-60,05126"
2015692,13,130260,USF O 03,RUA AMOR AGARRADINHO,ALVORADA,"-3,06378","-60,03428"
0204579,13,130380,UNIDADE BASICA DE SAUDE DR FRANKLIN,RUA RUI BARBOSA,MIGUEL QUIRINO,"-0,11533","-67,08075"
2012863,13,130260,USF ALMIR PEDREIRA,RUA LAGOA VERDE,CRESPO,"-3,13846","-59,98678"
4004256,13,130185,UNIDADE BASICA DE SAUDE DA FAMILIA ANTONIO ALVES DE LIMA,PRACA CENTRAL,PARICATUBA,"-3,18343","-60,34312"
2011743,13,130260,USF DR JOSE RAYOL DOS SANTOS,AVENIDA CONSTANTINO NERY,CHAPADA,"-3,08757","-60,02678"
2011794,13,130260,USF BAIRRO DA PAZ,RUA COMANDANTE PAULO VARELLA,DA PAZ,"-3,05909","-60,03208"
2011816,13,130260,USF NOVA ESPERANCA,RUA NOVA ESPERANCA,COLONIA ANTONIO ALEI,"-3,08775","-59,88892"
2011867,13,130260,USF MEGUMO KADO,RUA INOCENCIO DE ARAUJO,EDUCANDOS,"-3,14293","-60,01434"
2011980,13,130120,UNIDADE BASICA DE SAUDE LUIZ CARLOS HERVAL,RUA D,UNIAO,"-4,09954","-63,14656"
2012006,13,130120,UNIDADE BASICA DE SAUDE ELIANA FEIJO,AVENIDA JOANICO,URUCU,"-4,09524","-63,14656"
2011948,13,130260,USF LUIZ MONTENEGRO,RUA BERLIM,PLANALTO,"-3,07487","-60,06424"
2012812,13,130423,UNIDADE BASICA DE SAUDE CLEBSON SOUZA DA COSTA,RUA LEOPOLDO PERES,CENTRO,"-2,86096","-67,77294"
2012502,13,130070,UNIDADE BASICA DE SAUDE MARIA CLAUDIA,AV AMAZONAS,CENTRO,"-8,7549","-67,39514"
2012510,13,130070,UNIDADE BASICA DE SAUDE FRANCISCO GASTINO CHAGAS,AV CEL JOSE ASSUNCAO NETO,PLATO DO PIQUIA,"-8,77214","-67,336"
2012529,13,130070,UNIDADE BASICA DE SAUDE JOSE BARROS LOPES,AV ALEXANDRE OLIVEIRA LIMA,MACAXEIRAL,"-8,75806","-67,38859"
2012537,13,130070,UNIDADE BASICA DE SAUDE SAO PAULO,RUA COMANDANTE MODESTO,SAO PAULO,"-8,75303","-67,40464"
2012561,13,130410,UNIDADE BASICA DA FAMILIA DO ACAI,RUA RAIMUNDO SA DE ANDRADE,ACAI,"-5,628","-63,183"
2012588,13,130410,UNIDADE BASICA DA FAMILIA DO SAO JOAO,RUA ANTONIO GONCALVES,SAO JOAO,"-5,628","-63,183"
2012596,13,130410,UNIDADE BASICA DE SAUDE CLARA FREIRE,AVENIDA PRESIDENTE COSTA E SILVA,MANOEL COSTA,"-5,61798","-63,18688"
2012634,13,130240,CENTRO DE SAUDE DE LABREA,AV CEL LUIZ GOMES,CENTRO,"-7,26814","-64,79247"
2012545,13,130070,UNIDADE BASICA DE SAUDE FRANCISCA AMELIA,TRAVESSA FRANCISCO LEITE,PRAIA DO GADO,"-8,73766","-67,40213"
2012626,13,130240,CENTRO DE SAUDE SEBASTIANA MAIA DE SOUZA,RUA 22 DE OUTUBRO,VILA FALCAO,"-7,25354","-64,78565"
2012642,13,130240,CENTRO DE SAUDE FRANCISCO FERNANDES DA SILVA CHICO BREVE,AV CEL LUIZ GOMES,CENTRO,"-7,26576","-64,7947"
2012847,13,130260,USF FRANK ROSEMBERG CALDERON,RUA BOA ESPERANCA,CRESPO,"-3,12841","-59,9917"
2012898,13,130260,USF FREI VALERIO DI CARLO,RUA RUFINO DE ELIZALDE,NOVO ISRAEL,"-3,02541","-60,01356"
2012928,13,130260,UBS CACILDA DE FREITAS,RUA RIO MARIE,SAO JOSE OPERARIO,"-3,06087","-59,95283"
2013010,13,130260,USF L 42,RUA MARANGUA ACU,PURAQUEQUARA,"-3,07789","-59,88431"
2013053,13,130030,UNIDADE BASICA DE SAUDE SANTA JULIA,COMUNIDADE DO SAMPAIO,ZONA RURAL,"-3,58","-59,131"
2013061,13,130030,UNIDADE BASICA DE SAUDE SANTA VERONICA,VILA DE URUCURITUBA,ZONA RURAL,"-3,58","-59,131"
2013096,13,130030,UNIDADE BASICA DE SAUDE MONTE SINAI,ESTRADA MANAUS AUTAZES KM 53,ZONA RURAL,"-3,58","-59,131"
2013118,13,130030,UNIDADE BASICA DE SAUDE ANA DIAS,COMUNIDADE DO ROSARINHO,ZONA RURAL,"-3,58","-59,131"
2013126,13,130030,UNIDADE BASICA DE SAUDE MARIA MENDONCA,RUA 03 DE MARCO,JAIR TUPINAMBA,"-3,58","-59,131"
2013134,13,130250,UBS FUNASA I,RUA GASPAR FERNANDES,APARECIDA,"-3,29618","-60,62485"
2013150,13,130250,UBS FUNASA II,AVENIDA EDUARDO RIBEIRO,CENTRO,"-3,30342","-60,61904"
2013177,13,130250,UBS ORLANDO MARTHA,RUA BENJAMIN ROBERTO,SAO JOSE,"-3,28538","-60,62599"
2013185,13,130250,UBS NOSSA SENHORA DO CARMO,BOCA DO JACARE,ZONA RURAL,"-3,60163","-60,81587"
2013215,13,130250,UBS COSTA DA BELA VISTA,COSTA DA BELA VISTA,ZONA RURAL,"-3,29678","-60,44291"
2013231,13,130250,UBS NOSSA SRA DO PERPETUO SOCORRO,RUA JOANA DANGELO,BIRIBIRI,"-3,30081","-60,61387"
2013339,13,130353,UBS AIDA BARRONCAS,RUA ANDORINHA,TANCREDO NEVES,"-2,04738","-60,01757"
2013347,13,130353,UBS EDMILSON JOSE RODRIGUES,RODOVIA BR 174 KM 179,COM NOVA JERUSALEM,"-2,04951","-60,02597"
2013355,13,130353,UBS RUMO CERTO,RODOVIA BR 174 KM 169,VILA DO RUMO CERTO,"-1,54685","-60,17345"
2013223,13,130250,UBS GASPAR FERNANDES,RUA H,LIBERDADE,"-3,28813","-60,622"
2013398,13,130353,UBS MARIA IMELDE DE SOUZA ARAUJO,ESTRADA AM 240 KM 50,COM SAO MIGUEL,"-2,03335","-59,6025"
2013401,13,130353,UBS MARIA DAS GRACAS ALVES BRASILEIRO,RODOVIA BR 174 KM 126,COM JD FLORESTA,"-1,32957","-60,37622"
2013827,13,130190,UNIDADE BASICA DE SAUDE NICOLAS EUTHEMES LEKAKIS NETO,RUA EDUAROD RIBEIRO,JAUARY,"-3,14467","-58,43707"
2013452,13,130353,UBS CUSTODIO INOCENCIO DA SILVA,ESTRADA AM 240 KM 28,COM CRISTO REI,"-2,04842","-60,01739"
2013479,13,130260,USF DEODATO DE MIRANDA LEAO,AVENIDA PRESIDENTE DUTRA,GLORIA,"-3,11999","-60,03647"
2013622,13,130180,UBS 0001 IVANEIDE CORDEIRO,AV VARCY HERCULANO BARROSO,CENTRO,"-7,051","-71,695"
2013630,13,130180,UBS 0002 FRANCISCA MOURA DE OLIVEIRA,RUA DOMINGOS BARROSO,CENTRO,"-7,051","-71,695"
2013673,13,130185,UNIDADE BASICA DE SAUDE DA FAMILIA VITORIA MARIA P DE SOUZA,RODOVIA MANUEL URBANO,CENTRO,"-3,15971","-60,09178"
2013878,13,130260,USF DR WALDIR BUGALHO DE MEDEIROS,RUA 7 DE SETEMBRO,JORGE TEIXEIRA,"-3,0267","-59,9237"
2013843,13,130260,USF THEODOMIRO GARRIDO,RUA JOAO VICENTE,COLONIA OLIVEIRA MAC,"-3,14561","-60,00606"
2013894,13,130260,USF MARIA LEONOR BRILHANTE,AVENIDA AUTAZ MIRIM,TANCREDO NEVES,"-3,04787","-59,94341"
2013959,13,130260,USF N 13,RUA DONA ZICA,CIDADE NOVA,"-3,02382","-59,97235"
2014084,13,130260,USF N 24,RUA SOFONIAS,COLONIA TERRA NOVA,"-3,02034","-59,99198"
2013908,13,130260,USF DR RAYOL DOS SANTOS,RUA MANOEL BATISTA,SAO JORGE,"-3,11222","-60,03306"
2013932,13,130260,USF DOM MILTON CORREA,RUA TIRADENTES,SANTO AGOSTINHO,"-3,09116","-60,0627"
2014106,13,130260,USF N 26,AVENIDA PRECIOSA,MONTE DAS OLIVEIRAS,"-3,00564","-59,9958"
2014238,13,130260,USF N 39,RUA ITAMARAJU,CIDADE NOVA,"-3,01562","-59,96755"
2014114,13,130260,USF N 27,RUA MACAUVEIRA,MONTE DAS OLIVEIRAS,"-3,00564","-59,99386"
2014629,13,130260,USF N 42,RUA TRICOLOR,CIDADE DE DEUS,"-3,01156","-59,95644"
2014718,13,130170,USF NOSSA SENHORA DO CARMO,RUA DA OLARIA,N S DO CARMO,"-7,52306","-63,02156"
2014726,13,130170,USF IRMA MARIA BERNARDES,RUA VILIBALDE,SAO FRANCISCO,"-7,52426","-63,02567"
2014742,13,130260,USF ARTHUR VIRGILIO FILHO,TRAVESSA IMBITUBA,NOVO ALEIXO,"-3,0417","-59,95668"
2014750,13,130260,USF AUGIAS GADELHA,RUA MARIA DA GLORIA SANTOS,CIDADE NOVA,"-3,02631","-59,98235"
2014858,13,130260,USF L 32,RUA VINICIUS DE MORAES,COROADO,"-3,08786","-59,97847"
2014904,13,130260,USF N 12,AVENIDA ANTONIO SERGIO VIEIRALVES,NOVO ALEIXO,"-3,05089","-59,95677"
2014955,13,130260,USF N 35,RUA SAO FELIX,CIDADE DE DEUS,"-3,02294","-59,94388"
2014963,13,130260,USF N 36,RUA GUARABIRA,CIDADE DE DEUS,"-3,01242","-59,94644"
2015056,13,130260,USF N 01,RUA NOSSA SENHORA APARECIDA,CIDADE DE DEUS,"-3,01477","-59,94074"
2015072,13,130260,USF N 05,AVENIDA PARAIBANOS,CIDADE DE DEUS,"-3,02976","-59,94047"
2015137,13,130260,USF L 01,RUA ALARICO FURTADO,JORGE TEIXEIRA,"-3,0179","-59,92794"
2015269,13,130040,UBS PEDRO NUNES BENFICA,AV MARIUA,APARECIDA,"-0,96563","-62,93443"
2015285,13,130260,USF DR JOSE AMAZONAS PALHANO,RUA ANTONIO MATIAS,SAO JOSE OPERARIO,"-3,06924","-59,95247"
2015315,13,130260,USF LEONOR DE FREITAS,AVENIDA BRASIL,COMPENSA,"-3,09773","-60,05653"
2015323,13,130260,USF MANSOUR BULBOL,AVENIDA DESEMBARGADOR JOAO MACHADO,ALVORADA,"-3,0735","-60,03396"
2015404,13,130260,USF GUILHERME ALEXANDRE,RUA NOVA REPUBLICA,COLONIA ANTONIO ALEI,"-3,08452","-59,89538"
2015455,13,130260,USF GEBES DE MELO MEDEIROS FILHO,RUA PIRARUCU,JORGE TEIXEIRA,"-3,04274","-59,92863"
2016176,13,130420,CENTRO DE SAUDE IRMA ADONAI,RUA QUINTINO BOCAIUVA,CENTRO,"-3,34624","-64,70767"
2016222,13,130140,UNIDADE BASICA PONCE DE LEAO,AV PREFEITO JOAO CAVALCANTE,FATIMA,"-6,6589","-69,87813"
2016230,13,130140,UNIDADE BASICA DE SAUDE PADRE ANTONIO CREMER,RUA TEREZINHA,CENTRO,"-6,66638","-69,86461"
2016400,13,130260,CENTRO DE ATENCAO INTEGRAL A SAUDE CAIS,AVENIDA GENERAL RODRIGO OCTAVIO JORDAO RAMOS,COROADO,"-3,09929","-59,97419"
2016451,13,130002,CENTRO DE SAUDE DE HONEI ORLAN,RUA TEFE,CENTRO,"-3,21342","-64,80766"
2016370,13,130150,UBS PADRE TEODORO,RUA FERREIRA VALENTIM,SANTA RITA,"-7,44345","-70,02789"
2016575,13,130356,UNIDADE BASICA DE SAUDE MANOEL RUMAO,RODOVIA AM 010 KM 135,PROJETO IPORA,"-2,80874","-59,44413"
2016796,13,130340,CENTRO DE SAUDE DR TODA,RUA FURTADO BELEM,FRANCESA,"-2,62606","-56,72806"
2016818,13,130340,CENTRO DE SAUDE WALDIR VIANA,RUA RUI ARAUJO,SAO BENEDITO,"-2,63123","-56,74621"
2016826,13,130340,UNIDADE BASICA DE SAUDE DARLINDA RIBEIRO,RUA SENADOR JOSE ESTEVES,PALMARES,"-2,63507","-56,72575"
2016877,13,130340,CENTRO DE SAUDE IRMAO FRANCISCO GALIANNI,RUA 24 DE JANEIRO,ITAUNA II,"-2,64574","-56,74251"
2016966,13,130060,UNIDADE BASICA DE SAUDE ALCINO CASTELO BRANCO,AVENIDA CASTELO BRANCO,CENTRO,"-4,37595","-70,02821"
2016761,13,130300,POSTO DE SAUDE MUN SAGR CORACAO DE JESUS DO ADUACA,COMUNIDADE ADUACA,ZONA RURAL,"-2,3814","-56,99005"
2016664,13,130020,UNIDADE BASICA DE SAUDE SAO FRANCISCO,CUNHA GOMES,CENTRO,"-4,3661","-70,19455"
2017008,13,130170,USF SARAH NEVES DOS SANTOS,AV TRANSAMAZONICA,SAO DOMINGOS SAVIO,"-7,50294","-63,02814"
2017059,13,130260,USF DR JOSE AVELINO PEREIRA,RUA CRAVINHO,JORGE TEIXEIRA,"-3,03288","-59,92382"
2017075,13,130260,USF JOAO NOGUEIRA DA MATTA,RUA MANDAGUARI,ZUMBI DOS PALMARES,"-3,08139","-59,94553"
2017326,13,130190,UNIDADE BASICA DE SAUDE PAULO GOMES DA SILVA,AV DOM JORGE MARSKELL,MUTIRAO,"-3,12462","-58,43534"
2017334,13,130190,UNIDADE BASICA DE SAUDE MANOEL MENDES DA SILVA,RUA AFONSO DE CARVALHO,COLONIA,"-3,14221","-58,45229"
2017490,13,130080,UNIDADE DE SAUDE DA FAMILIA ESF OTACIAS BATISTA E SILVA,VILA FOZ DE CANUMA,ZONA RURAL,"-3,99488","-59,09316"
2017520,13,130080,UNIDADE DE SAUDE DA FAMILIA ESF LEOPOLDO D RIBEIRO,AV 07 DE SETEMBRO,SAO SEBASTIAO,"-4,38155","-59,58756"
2017539,13,130080,UNIDADE DE SAUDE DA FAMILIA ESF HERACLIO EMILIANO MODA,VILA DE AXINIM,ZONA RURAL,"-4,388","-59,594"
2017547,13,130080,UNIDADE DE SAUDE DA FAMILIA ESF PE JORGE ALBERTINI,AV PREFEITO SILVIO LEITE,CRISTO REI,"-4,388","-59,594"
2017563,13,130100,UBS ADELIA COSTA DOS SANTOS,RUA SAMUEL AMARAL,SAMUEL AMARAL,"-4,87733","-66,89189"
2017601,13,130100,UBS MICHIE TAKEDA,RUA JOSE AMANCIO,FATIMA,"-4,88231","-66,90353"
2017571,13,130100,UBS MARIA DEL PILAR,AV DOM PEDRO II,CENTRO,"-4,87812","-66,89895"
2017725,13,130060,CENTRO DE SAUDE DE BENJAMIN CONSTANT,RUA 1 DE MAIO,COLONIA,"-4,383","-70,031"
2017946,13,130353,UBS OSVALDO GOMES DE OLIVEIRA,RUA TUCUMA,MORADA DO SOL,"-2,05765","-60,02666"
2017962,13,130353,UBS DO CANOAS,RODOVIA BR 174 KM 139,VILA DO CANOAS,"-2,04951","-60,02597"
2017970,13,130353,UBS FRANCISCO XAVIER DA SILVA,RUA ANDIRAS,CENTRO,"-2,05663","-60,03016"
2018187,13,130370,CENTRO DE SAUDE SANTO ANTONIO DO ICA,RUA CAPITAO RIBEIRO,CENTRO,"-3,10358","-67,94323"
2018691,13,130140,UNIDADE BASICA GENESIO ALBUQUERQUE,AV CASTRO ALVES,SANTO ANTONIO,"-6,66721","-69,85991"
2019442,13,130390,UNIDADE BASICA DE SAUDE COLONIA SAO SEBASTIAO,AVENIDA BRASIL,COLONIA SAO SEBASTIA,"-3,46533","-68,92722"
0470848,13,130270,UBS RAIZA GLORIA ASSEM FRANCA,COMUNIDADE DE BARRO ALTO,ZONA RURAL,"-5,90557","-61,39624"
6657206,13,130406,CENTRO DE SAUDE DO BAIRRO BRILHANTE,RUA GENERAL OSORIO,BRILHANTE,"-4,24083","-69,94211"
2017342,13,130190,UNIDADE BASICA DE SAUDE EUDOCIA DE OLIVEIRA DA SILVA,VILA DE NOVO REMANSO,NOVO REMANSO,"-3,21443","-59,02637"
2012871,13,130260,USF LOURENCO BORGHI,RUA CARLOS FILGUEIRAS,JAPIIM,"-3,11563","-59,98776"
2014009,13,130260,UBS S 03,RUA FORMOSA,FLORES,"-3,04477","-59,99528"
2014041,13,130260,UBS N 20,RUA GAL AURELIO DE AMORIM,CIDADE NOVA,"-3,02921","-59,99726"
2014203,13,130260,UBS N 34,RUA MARIA MOTA,COLONIA SANTO ANTONI,"-3,03605","-60,01023"
2014211,13,130260,USF O 02,RUA DONA BEIJA,DA PAZ,"-3,05927","-60,03484"
2014297,13,130260,USF S 19,TRAVESSA HEMETERIO CABRINHA,SAO LAZARO,"-3,14007","-59,99731"
2014300,13,130260,USF S 20,RUA DOUTOR XAVIER ALBUQUERQUE,CRESPO,"-3,13557","-59,99104"
2014386,13,130260,UBS S 48,RUA PIMENTA BUENO,SAO FRANCISCO,"-3,10561","-60,00076"
2014556,13,130260,UBS S 38,RUA FRANCISCO DUARTE,JAPIIM,"-3,10566","-59,98637"
2014580,13,130260,UBS S 45,RUA BENTO BRASIL,RAIZ,"-3,12078","-59,99766"
2014912,13,130260,UBS L 21,RUA MARAPATA,JORGE TEIXEIRA,"-3,023","-59,92154"
2014920,13,130260,UBS L 23,RUA RIO ANACORA,SAO JOSE OPERARIO,"-3,07276","-59,95782"
2014947,13,130260,USF L 26,RUA DAS HELICONIAS,JORGE TEIXEIRA,"-3,04747","-59,93392"
2015587,13,130260,UBS O 29,RUA VEIGA MIRANDA,SANTO ANTONIO,"-3,11453","-60,0447"
2015625,13,130260,USF O 33,RUA NARCISOS,GLORIA,"-3,12448","-60,03566"
2015633,13,130260,USF O 34,RUA 5 DE JUNHO,GLORIA,"-3,12067","-60,03465"
2015714,13,130260,UBS O 05,RUA JASMIM IMPERADOR,REDENCAO,"-3,0503","-60,04619"
2015722,13,130260,UBS O 06,RUA ANTURIO AMARELO,REDENCAO,"-3,05645","-60,03463"
2015749,13,130260,UBS O 08,RUA DOUTOR GENTIL BITTECOURT,ALVORADA,"-3,07472","-60,0521"
2015757,13,130260,UBS O 09,RUA ITIRUCU,ALVORADA,"-3,0782","-60,05632"
2016273,13,130260,USF ARMANDO MENDES,RUA ARAGARCAS,CIDADE NOVA,"-3,02326","-60,00064"
2017067,13,130260,USF CLINICA DA FAMILIA DR RAIMUNDO FRANCO DE SA,RUA VIRGILIO FERREIRA,NOVA ESPERANCA,"-3,08172","-60,057"
2017989,13,130353,UBS GEORDEME RAMOS,RUA ANDIRA,CENTRO,"-2,05283","-60,02793"
2017369,13,130190,UNIDADE BASICA DE SAUDE FRANCISCO FERREIRA DE ATHAYDE,RAMAL AJURICABA,VILA LINDOIA,"-2,90891","-59,05215"
2708108,13,130050,CENTRO DE SAUDE GIOVANNA GALLI,RODOVIA BH1 NILO PEREIRA,SANTA LUZIA,"-2,793","-57,07"
2708841,13,130270,UBS LOURIVAL DIAS DE SOUZA,TRAVESSA PEDRO TINOCO,MAZZARELLO,"-5,8141","-61,29238"
2717328,13,130120,UNIDADE BASICA DE SAUDE MARIA FERNANDES DANTAS,RUA INDEPENDENCIA,CENTRO,"-4,08529","-63,14007"
2717344,13,130120,UNIDADE BASICA DE SAUDE HENRIQUE OCTAVIO POOL,RUA SANTOS DUMONT,DUQUE DE CAXIAS,"-4,08965","-63,13882"
3019071,13,130165,USF MAURICIO SABINO DA SILVA,AV PRESIDENTE VARGAS,CENTRO,"-7,54457","-72,57972"
3020371,13,130380,UNIDADE BASICA DE SAUDE DR ALBINO COUTO,RUA PUPUNHA,AREAL,"-0,11591","-67,0881"
3020398,13,130380,UNIDADE BASICA DE SAUDE PRAIA,AV 07 DE SETEMBRO,PRAIA,"-0,13608","-67,07761"
3020401,13,130380,UNIDADE BASICA DE SAUDE DABARU,RUA 6,DABARU,"-0,12139","-67,09372"
3036618,13,130300,POSTO DE SAUDE MUNICIPAL DO GUARABI,COMUNIDADE SAO SEBASTIAO DO GUARABI,ZONA RURAL,"-2,28806","-56,81811"
3037150,13,130395,UNIDADE BASICA DE SAUDE ALTAIR FERNANDES,RUA SAO SEBASTIAO,TRINDADE,"-2,572","-57,871"
3037169,13,130395,UNIDADE BASICA DE SAUDE MARIA DE LOURDES MARTINS DE ALMEIDA,ANTONIO VIANA,SAO FRANCISCO,"-2,572","-57,871"
3037177,13,130395,UNIDADE BASICA DE SAUDE ALVARO BRAGA,COMUNIDADE DE SANTANA,SANTANA,"-2,572","-57,871"
3090825,13,130340,CENTRO DE SAUDE PADRE FRANCISCO LUPINO,COMUNIDADE VILA AMAZONIA,ZONA RURAL,"-2,6117","-56,66718"
3112837,13,130340,CENTRO DE SAUDE CASSIANO CARMO,COMUNIDADE DO MARANHAO,ZONA RURAL,"-2,75091","-56,74934"
3112845,13,130340,CENTRO DE SAUDE DENIZAL PEREIRA,JOAO PEREIRA,ZONA RURAL,"-2,45933","-57,10164"
3180867,13,130410,UNIDADE BASICA DE SAUDE DA FOZ DO TAPAUA,ZONA RURAL,COMUNIDADE FOZ DO TA,"-5,628","-63,183"
3180891,13,130410,UNIDADE BASICA DE SAUDE DA FAMILIA DO BEABA,COMUNIDADE DO BEABA,ZONA RURAL,"-5,63239","-63,18319"
3188167,13,130230,UNIDADE BASICA DE SAUDE DA FAMILIA ANASTACIO RIBEIRO,RUA CICERO TUCHAUA,SANTO ANTONIO,"-2,74782","-66,77368"
2708833,13,130270,UBS JOAO PEREIRA DE OLIVEIRA,RUA EDUARDO RIBEIRO,CENTRO,"-5,81184","-61,2989"
3234924,13,130083,UNIDADE BASICA DE SAUDE SAO JORGE,COMUNIDADE MENBECA,RIO MANACAPURU,"-3,13222","-61,12935"
3234932,13,130083,UNIDADE BASICA DE SAUDE SELESTINO ANDRE DE SOUZA,AV COUTO VALE,CENTRO,"-3,33072","-61,2118"
3234959,13,130083,UNIDADE BASICA DE SAUDE DE SAO JOSE,RUA COUTO VALE,COMUNIDADE ARARAS,"-3,41671","-61,36512"
3236528,13,130120,UNIDADE BASICA DE SAUDE LENY PASSOS RAMOS,RUA CAUA,ITAMARATY,"-4,09477","-63,13942"
3237931,13,130120,UNIDADE BASICA DE SAUDE DONA LUZIA TENORIO,RUA RODOLFO RODRIGUES,SANTA HELENA,"-4,08759","-63,13505"
3313891,13,130090,UNIDADE BASICA DE SAUDE SOCORRO CASTRO,AVENIDA BENJAMIN CONSTANT,CENTRO,"-6,53107","-64,38789"
3321541,13,130356,UNIDADE BASICA DE SAUDE NOSSA SENHORA APARECIDA,RODOVIA AM 010 KM 102,ZONA RURAL,"-2,68639","-59,67332"
2013916,13,130260,USF DR ALFREDO CAMPOS,AVENIDA COSME FERREIRA,ZUMBI DOS PALMARES,"-3,07523","-59,93754"
2014807,13,130260,USF DR PLATAO ARAUJO,RUA ANTONIO LISBOA,PURAQUEQUARA,"-3,05911","-59,84486"
3413861,13,130406,CENTRO DE SAUDE DO BAIRRO DE SANTA ROSA,ESTRADA PERIMETRAL NORTE I,SANTA ROSA,"-4,253","-69,938"
3413888,13,130406,CENTRO DE SAUDE DO BAIRRO TANCREDO NEVES,RUA SANTOS DUMONT,TANCREDO NEVES,"-4,23038","-69,94349"
3413926,13,130406,CENTRO DE SAUDE DO BAIRRO SAO FRANCISCO,RUA VILA GRAN CABRITO,SAO FRANCISCO,"-4,253","-69,938"
3413918,13,130406,CENTRO DE SAUDE DO BAIRRO NOVA ESPERANCA,RUA NOVA JERUSALEM,NOVA ESPERANCA,"-4,22227","-69,73396"
3420094,13,130430,UNIDADE BASICA DE SAUDE ANA COSTA DE MACEDO,RUA SAO SEBASTIAO,CASTANHAL,"-2,53001","-57,70798"
3436756,13,130170,USF SAO CRISTOVAO,RUA DAS FLORES,SAO CRISTOVAO,"-7,5215","-63,02926"
3436896,13,130340,CENTRO DE SAUDE MOCAMBO DO ARARI,AVENIDA SAO JOAO,ZONA RURAL,"-2,45631","-57,28126"
3441784,13,130380,UNIDADE BASICA DE SAUDE DR GERALDO SIQUEIRA,AV ALVARO MAIA,CENTRO,"-0,13362","-67,08879"
3441741,13,130390,UNIDADE BASICA DE SAUDE SANTA TEREZINHA,RUA 10 DE NOVEMBRO,SANTA TEREZINHA,"-3,378","-68,873"
3518876,13,130340,UNIDADE BASICA DE SAUDE DA FAMILIA MAE PALMIRA,RUA CORREA NETO,PAULO CORREA,"-2,64475","-56,73788"
3519945,13,130350,C DE S FLORESTAL MOD DA VILA CEU DO MAPIA,IGARAPE DO MAPIA,Z RURAL SUBINDO,"-8,29535","-67,62309"
3523349,13,130353,UBS DR RAUL TEJEDO HUAMAN,RUA BARREIRINHA,JOSE DUTRA,"-2,05147","-60,0213"
3539687,13,130010,POSTO DE SAUDE FAUSTO GOMES DA ROCHA,PRACA CAP PEDRO SILVA,CENTRO,"-3,773","-61,644"
3582817,13,130050,POSTO DE SAUDE GRACIETE DOS SANTOS,BARREIRA DO ANDIRA,ZONA RURAL,"-2,846","-56,95278"
3583058,13,130050,POSTO DE SAUDE FILOMENA PEREIRA DOS SANTOS,DISTRITO DE PEDRAS,ZONA RURAL,"-2,79568","-57,27559"
3587614,13,130080,UNIDADE DE SAUDE DA FAMILIA ESF SIMONE CAVALCANTE DA SIL,RUA MARECHAL FLORIANO PEIXOTO,CENTRO,"-4,38984","-59,59464"
3587649,13,130080,UNIDADE DE SAUDE DA FAMILIA ESF MANUEL DE PAULA SA JUNIOR,RUA HERACLITO DA FONSECA,IPIRANGA,"-4,39191","-59,58788"
3587657,13,130080,UNIDADE DE SAUDE DA FAMILIA ESF RAIMUNDO LIMA FILHO,RUA GETULIO VARGAS,RECREIO,"-4,39173","-59,59813"
3596362,13,130030,UNIDADE BASICA DE SAUDE DANILO CORREA,AV AUTAZES,CENTRO,"-3,57724","-59,13404"
3596370,13,130030,UNIDADE BASICA DE SAUDE ANTONIO ENFERMEIRO,RUA FABIO LUCENA,WALDOMIRO SAMPAIO,"-3,57971","-59,1241"
3601986,13,130400,UBS IGARAPE ACU,COMUNIDADE NOSSA SENHORA DE NAZARE,COMUNIDADE,"-2,82989","-58,24951"
3644707,13,130330,UNIDADE BASICA DE SAUDE JOSE BARBALHO PINTO,AVENIDA 16 DE FEVEREIRO,CENTRO,"-5,12082","-60,37911"
3697983,13,130014,CENTRO DE SAUDE CURUMIM,RUA JOINVILE,VILA RICA,"-7,197","-59,891"
7768478,13,130340,UNIDADE BASICA DE SAUDE PAULO PEREIRA,ANTONIO CESAR DE CARVALHO,SANTA RITA DE CASSIA,"-2,62828","-56,72149"
3793974,13,130240,CENTRO DE SAUDE RAIMUNDO DOMINGOS DE SOUZA,RUA 22 DE OUTUBRO,BARRA LIMPA,"-7,26144","-64,7926"
3808807,13,130260,USF RURAL SAO PEDRO,COMUNIDADE BOM JESUS AM 010 KM 25 E ADJACENCIAS,ZONA RURAL,"-2,85964","-59,94157"
3809706,13,130260,USF RURAL CONS ADA RODRIGUES VIANA,COMUNIDADE NOVA CANAA BR 174,ZONA RURAL,"-2,61723","-60,03537"
3816524,13,130310,UNIDADE DE SAUDE RAIMUNDO DO ROSARIO MELO,RUA GETULIO VARGAS,CENTRO,"-3,88249","-59,08522"
3816559,13,130310,UNIDADE DE SAUDE IRMA MONICA BORSSA LIMA,RUA AMAZONAS,SANTA LUZIA,"-3,89119","-59,09981"
3816591,13,130310,UNIDADE DE SAUDE MARIA DO C DE CASTRO COUTO,RUA JERUZALEM,AEROLANDIA,"-3,88758","-59,08435"
3816710,13,130310,UNIDADE DE SAUDE AUGUSTO CASTRO,VILA SENHOR DA PAZ,ZONA RURAL,"-3,77742","-58,93232"
3816796,13,130310,UNIDADE DE SAUDE MARIA ETELVINA PINHEIRO DE OLIVEIRA,AVENIDA JANARY NUNES,CHICOLANDIA,"-3,89682","-59,09215"
3818683,13,130360,UNIDADE BASICA DE SAUDE TAPURUQUARA,AVENIDA DANILO CORREA,CENTRO,"-0,41666","-65,01749"
3891194,13,130230,UNIDADE BASICA DE SAUDE DA FAMILIA IDALINA LASMAR,AVENIDA GRANDE CIRCULAR,SAO JOSE,"-2,75419","-66,7725"
2011735,13,130260,USF JAPIIM,RUA CARPINTEIRO PERES JUNIOR,JAPIIM,"-3,1134","-59,98326"
2014149,13,130260,USF O 01,AVENIDA PEIXE CAVALO,TARUMA ACU,"-3,102","-60,025"
3994082,13,130330,UNIDADE SAUDE DA FAMILIA RAIMUNDO ALVES OLIVEIRA,RUA CONEGO BENTO,JAPIIM,"-5,12695","-60,37405"
4004280,13,130185,CENTRO DE SAUDE DR LOURENCO BORGHI,TRAVESSA RUA JURUA,CENTRO,"-3,28354","-60,18595"
4004264,13,130185,POSTO DE SAUDE DO LAGO DO LIMAO,LAGO DO LIMAO,LIMAO,"-3,17627","-60,34503"
4004272,13,130185,UNIDADE BASICA DE SAUDE EBENEZER,COMUNIDADE DO JANAUARY,JANAUARY,"-3,19536","-59,99222"
4004493,13,130356,UNIDADE BASICA DE SAUDE DR HAMILTON CIDADE,RUA GOVERNADOR HERCULANO FERREIRA,BAIRRO DA PAZ,"-2,6993","-59,69917"
4004388,13,130260,UBS MARIA IDA MENTONI,RUA AJURICABA,SAO JORGE,"-3,10874","-60,04239"
4004868,13,130430,CENTRO DE SAUDE JUDITE TORRES DA CUNHA,RUA DONA DOQUINHA,APARECIDA,"-2,53531","-57,75043"
2014769,13,130260,USF SAO VICENTE DE PAULO,RUA SAO TOME,SAO RAIMUNDO,"-3,12246","-60,03902"
5015820,13,130250,UBS VILA RICA DE CAVIANA,VILA DE CAVIANA,ZONA RURAL,"-3,7584","-61,15746"
5016363,13,130250,UBS NOSSA SENHORA DE NAZARE,VILA DO SACAMBU,ZONA RURAL,"-3,2772","-60,93005"
5016398,13,130250,UBS NOEMIA MACIEL,RUA JOSEFA MENEZES,SANTA HELENA,"-3,28204","-60,63706"
5020980,13,130356,UNIDADE BASICA DE SAUDE MANOEL RODRIGUES CASTELO,RODOVIA AM 010 KM 128 RAMAL DA MANAPOLIS KM 18,COMUNIDADE SANTA LUZ,"-2,94714","-59,49698"
2015498,13,130260,USF O 21,BECO ARARAJUBA,COMPENSA,"-3,10109","-60,05076"
5026210,13,130356,UNIDADE BASICA DE SAUDE LUZIA SCHWAB,RODOVIA AM 010 KM 114,ZONA RURAL,"-2,68639","-59,67332"
5046149,13,130260,USF N 48,AVENIDA LIRIO DO AMAZONAS,LAGO AZUL,"-2,94747","-60,02876"
5054591,13,130410,UNIDADE BASICA DE SAUDE DO RIO PURUS,RUA RAIMUNDO JO DE ANDRADE,ACAI,"-5,6291","-63,18799"
2015765,13,130260,USF O 10,RUA DA INDEPENDENCIA,NOVA ESPERANCA,"-3,102","-60,025"
5077265,13,130356,UNIDADE BASICA DE SAUDE D MARIA DE LOURDES AZEVEDO DOS SANT,RUA GOVERNADOR PLINIO COELHO,II ETAPA,"-2,68595","-59,70735"
5084237,13,130330,UNIDADE SAUDE DA FAMILIA ROSSINIO SANTANA GOMES DA SILVA,ESTRADA DO AEREOPORTO,BAIRRO DA TV,"-5,12291","-60,37117"
5103088,13,130150,UBS RENATO DE GASPERI,RUA VEREADOR CHAGAS MATTOS,NOVA ESPERANCA,"-7,4319","-70,02121"
5109272,13,130190,UNIDADE BASICA DE SAUDE DR WALDIONOR DE ABREU,COMUNIDADE SAO JOAO BATISTA,ZONA RURAL,"-3,19683","-58,74156"
5109361,13,130190,UNIDADE BASICA DE SAUDE MARIA DA PAZ ROCHA LITAIFF,AV SETE DE SETEMBRO,CENTRO,"-3,14762","-58,44434"
2015773,13,130260,USF O 11,RUA OSWALDO BARBOSA,NOVA ESPERANCA,"-3,102","-60,025"
7040695,13,130270,UBS JOAQUIM DE OLIVEIRA NETO,COMUNIDADE DE CACHOEIRINHA,ZONA RURAL,"-5,48996","-60,82516"
3647218,13,130290,UNIDADE BASICA DE SAUDE VI,MENDES GUERREIRO,MARESIA,"-3,384","-57,719"
2016753,13,130260,USF S 43,RUA CAMPOS DO JORDAO,PETROPOLIS,"-3,10039","-59,99133"
6422276,13,130006,UNIDADE BASICA DE SAUDE ALTINA GONCALVES,FREI PIO,CENTRO,"-3,36066","-68,198"
5359244,13,130080,UNIDADE DE SAUDE DA FAMILIA ESF LUIS NOGUEIRA MORAIS,RUA RIO MAPIA,BELA VISTA,"-4,388","-59,594"
5376629,13,130320,UBS JOSE PAULINO ADRIANO,RUA ROSA FERNANDES,NOVA ESPERANCA,"-2,621","-60,944"
5401364,13,130150,UBS MARIA BASTIAO,AVENIDA JOAQUIM BORBA,CENTRO,"-7,43628","-70,02804"
5434556,13,130250,UBS JOSE DOS SANTOS VENTURA,RUA MAUES,UNIAO,"-3,28251","-60,63073"
5476755,13,130200,UNIDADE BASICA DE SAUDE JOSE SMITH,RUA 2 DE NOVEMBRO,CAJUAL,"-2,74744","-58,02361"
5477018,13,130200,UNIDADE BASICA DE SAUDE EVANILDE SOUZA DA COSTA,RUA URUCURITUBA,CAJUAL,"-2,74635","-58,0271"
5479932,13,130060,UNIDADE BASICA DE SAUDE PRIM ASSIS,ESTRADA BOM JARDIM,BOM JARDIM,"-4,37891","-70,00634"
5492890,13,130050,POSTO DE SAUDE NENEN ANDRADE SEIXAS,TERRA PRETA DO LIMAO,ZONA RURAL,"-2,80323","-57,17843"
5499313,13,130185,UNIDADE BASICA DE SAUDE SAMUEL KRAMER,ALTO DE NAZARE,ALTO DE NAZARE,"-3,26555","-60,16534"
5499321,13,130185,UNIDADE BASICA DE SAUDE DO JANDIRA CALDEIRAO,ESTRADA DO JANDIRA CALDEIRAO,JANDIRA CALDEIRAO,"-3,24113","-60,17675"
5499364,13,130185,UNIDADE BASICA DE SAUDE DE ACAJATUBA,LAGO DO ACAJATUBA,ACAJATUBA,"-3,09869","-60,37605"
5501369,13,130255,UNIDADE BASIC A DE SAUDE AGASSIS VIEIRA SOUTO,RUA RAIMUNDO MACARIO,LARANJEIRAS,"-3,43126","-60,46178"
5602041,13,130340,UNIDADE BASICA DE SAUDE DA FAMILIA TIA LEO,ESTRADA DO MACURANY,DJARD VIEIRA,"-2,64242","-56,75049"
5606667,13,130190,UNIDADE BASICA DE SAUDE BERNARDINO DESSIMONI,RUA RIO PURUS,MAMUD AMED,"-3,11348","-58,42404"
5613094,13,130260,USF DR SILAS DE OLIVEIRA SANTOS,RUA GUAPORE,GILBERTO MESTRINHO,"-3,0749","-59,93167"
5625351,13,130280,CENTRO DE SAUDE CRISTIANO TRAMONTINE,COM BOA ESPERANCA,ZONA RURAL,"-2,48642","-64,74518"
5625378,13,130280,CENTRO DE SAUDE SAO JOAO,COM SAO JOAO DE IPECACU,ZONA RURAL,"-2,72796","-64,72827"
5625335,13,130280,CENTRO DE SAUDE NICOLAU MADUREIRA,AV PERIMETRAL,BENEDITO RAMOS,"-1,85011","-65,59507"
7788592,13,130260,CENTRO SOCIOEDUCATIVO ASSISTENTE SOCIAL DAGMAR FEITOZA,RUA VIVALDO LIMA,ALVORADA I,"-3,0785","-60,03492"
5882664,13,130260,USF ENFERMEIRA JOSEPHINA DE MELLO,RUA PORTO MARISCO,JORGE TEIXEIRA,"-3,04003","-59,93269"
6004660,13,130190,UNIDADE BASICA DE SAUDE EXPEDITA HOLANDA DA SILVA,ESTRADA VILA DE ENGENHO,ZONA RURAL,"-3,16456","-59,15056"
5492882,13,130050,POSTO DE SAUDE CLEMENCIA PIEDADE LUCAS DA SILVA,RUA SAO GERALDO,SANTA LUZIA,"-2,80722","-57,06634"
6224105,13,130356,UNIDADE BASICA DE SAUDE EDNAIDE LOPES DA COSTA,RUA GONCALVES DIAS,MONTE CASTELO II,"-2,69389","-59,69404"
6355226,13,130260,USF RURAL EPHIGENIO SALLES,KM 45 AM 010 RAMAL AGUA BRANCA,ZONA RURAL,"-2,81492","-59,93615"
6364144,13,130420,POSTO DE SAUDE AGROVILA I,ESTRADA DA AGROVILA,RURAL,"-3,45356","-64,7647"
6364217,13,130420,CENTRO DE SAUDE DR JOSE LINS,RUA RECIFE,SAO FRANCISCO,"-3,34991","-64,71467"
6366538,13,130340,UNIDADE BASICA DE SAUDE DA FAMILIA ALDRIN VERCOSA,RUA JOAO PESSOA,ITAUNA 2,"-2,64734","-56,74414"
6382347,13,130010,CENTRO DE SAUDE JULIO TELES DE SOUZA,PRACA CAPITAO PEDRO SILVA,CENTRO,"-3,773","-61,644"
6441629,13,130210,UNIDADE BASICA DE SAUDE RAIMUNDO MAIA,COMUNIDADE ACANAUI,ZONA RURAL,"-1,826","-66,599"
6474381,13,130170,USF DRA VERONICA CAVALCANTE,RUA PRINCESA ISABEL,NOVA ESPERANCA,"-7,50414","-63,04091"
9251294,13,130006,UBS SERGIO PEREIRA PESSOA,RUA DAS INDUSTRIAS,SANTA ETELVINA,"-3,36718","-68,19623"
6549764,13,130210,UBS SAO RAIMUNDO,COMUNIDADE VENCEDOR,ZONA RURAL,"-1,826","-66,599"
6549756,13,130210,UBS RAIMUNDO SOUZA,TRAVESSA NOSSA SENHORA APARECIDA,CENTRO,"-1,87959","-66,99727"
6555713,13,130140,UNIDADE BASICA DE SAUDE JOSE BATISTA MARQUES,AVENIDA GETULIO VARGAS,NOSSA SENHORA DE FAT,"-6,65573","-69,86873"
6576338,13,130195,UNIDADE DE SAUDE DA FAMILIA MANOEL MESSIAS DE OLIVEIRA,RUA VITORIA REGIA,CENTRO,"-6,44021","-68,24435"
6687113,13,130390,UNIDADE BASICA DE SAUDE DE SAO JOAO,RUA PRUDENTE DE MORAES,SAO JOAO,"-3,46255","-68,95348"
6724604,13,130210,UNIDADE BASICA DE SAUDE MARIA ANGELA BERNARDO MESSIAS,COMUNIDADE VILA BITENCOURT,ZONA RURAL,"-1,826","-66,599"
6746659,13,130390,UNIDADE BASICA DE SAUDE NOSSO SENHOR DO BONFIM,RUA NOSSO SENHOR DO BONFIM,BONFIM,"-3,378","-68,873"
6767281,13,130260,USF N 46,RUA LAGO MERON,COLONIA TERRA NOVA,"-3,00617","-60,02727"
6776639,13,130185,UNIDADE BASICA DE SAUDE JOANA MIRANDA DE OLIVEIRA,RODOVIA CARLOS BRAGA KM 06,SAO SEBASTIAO,"-3,25329","-60,15684"
6776655,13,130185,UNIDADE BASICA DE SAUDE DR CELSO CLEMENTINO DA SILVA,RODOVIA MANUEL URBANO KM 38,ARIAU,"-3,285","-60,186"
6776698,13,130185,UNIDADE BASICA DE SAUDE DA FAMILIA ARTUR FREIRE DA CUNHA,AVENIDA POR DA LUA,NOVO AMANHECER,"-3,27356","-60,18375"
6790801,13,130190,UNIDADE BASICA DE SAUDE JOSE ALEXANDRE IPORA,ESTRADA AM 010,ZONA RURAL,"-2,93893","-59,32137"
6790771,13,130190,UNIDADE BASICA DE SAUDE MANOEL ELOI RONDON,ESTRADA DA RONDON,ZONA RURAL,"-3,07602","-58,53988"
6795196,13,130260,USF N 47,RUA DALIA BRANCA,COLONIA TERRA NOVA,"-3,00798","-60,01841"
7788622,13,130260,CENTRO SOCIOEDUCATIVO SEMILIBERDADE MASCULINO,AV CONSTANTINO NERY,CHAPADA,"-3,08438","-60,05206"
7788630,13,130260,UNIDADE DE INTERNACAO PROVISORIA,AV DESEMBARGADOR JOAO MACHADO,ALVORADA,"-3,07443","-60,03"
6817564,13,130420,UNIDADE BASICA DE SAUDE LOURIVAL PIRES,RAIMUNDO LIMA,FONTE BOA,"-3,35506","-64,7224"
6833888,13,130170,USF NICOLAU M GUERREIRO,BR 319 KM 100 SENTIDO MANAUS ZONA RURAL HUMAITA,ZONA RURAL,"-7,24941","-63,15628"
6848249,13,130002,CENTRO DE SAUDE SANTA LUZIA,RUA RAIMUNDO VASCONCELOS LAVOR,SANTA LUZIA,"-3,22101","-64,80402"
6853811,13,130353,UBS DR CELSO CLEMENTINO DA SILVA,AV AMAZONINO MENDES,GALO DA SERRA,"-2,04963","-60,00855"
6860435,13,130090,UNIDADE BASICA DE SAUDE GERALDO MONTEIRO,AVENIDADE BOTINELLY,CENTRO,"-6,53755","-64,38747"
6871542,13,130110,UBS ARTUR VIRGILIO NOGUEIRA,COMUNIDADE BRASIL,RIO MAMURI,"-3,768","-60,369"
6898165,13,130340,CENTRO DE SAUDE MARIA DO CARMO,COMUNIDADE BOM SOCORRO ZE ACU,ZONA RURAL,"-2,67593","-56,6263"
6904424,13,130270,UBS EMILLE TASSIA ABREU DE FREITAS,ESTRADA DO SINDICATO,SANTO ANTONIO,"-5,80549","-61,28534"
6925227,13,130030,UNIDADE BASICA DE SAUDE ACU PURANGA,COMUNIDADE DO ACU PURANGA,ZONA RURAL,"-3,58","-59,131"
6925235,13,130030,UNIDADE BASICA DE SAUDE DO SAO JOSE,RUA MARIO HUMBERTO,SAO JOSE,"-3,58","-59,131"
6925332,13,130030,UNIDADE BASICA DE SAUDE VEREADOR CLEIDSON OLIVEIRA,RUA MATHIAS FERREIRA LIMA,CIDADE NOVA,"-3,58","-59,131"
6925383,13,130030,UNIDADE BASICA DE SAUDE GILBERTO PINTO,COMUNIDADE NOVO CEU,ZONA RURAL,"-3,58","-59,131"
6925502,13,130030,UNIDADE BASICA DE SAUDE SAO FRANCISCO,COMUNIDADE MAMORI,ZONA RURAL,"-3,58","-59,131"
6925677,13,130030,UNIDADE BASICA DE SAUDE ESTACIO ODUVALDO PEREIRA MOTA,COMUNIDADE NOVO MASTRO,ZONA RURAL,"-3,58","-59,131"
6967485,13,130310,UNIDADE BASICA DE SAUDE DR MOHAMAD RAAD,RUA SANTO ANTONIO,VALE DO SOL,"-3,89726","-59,08959"
7035470,13,130260,USF N 21,RUA ICO,NOVO ALEIXO,"-3,04359","-59,9557"
7101325,13,130170,USF NOVA HUMAITA,RUA ALVARO BOTELHO MAIA,NOVA HUMAITA,"-7,50792","-63,03483"
7106203,13,130185,UBS DONA MATILDE NERYS DE SOUZA,RUA SOLIMOES,BAIRRO ALTO,"-3,2847","-60,18665"
7137923,13,130255,UBAS DR ALFREDO AUGUSTO PEREIRA CAMPOS,RUA 31 DE JANEIRO LOTE 07 QUADRA 07,AJURICABA,"-3,428","-60,459"
7172648,13,130330,UNIDADE DE SAUDE COMUNIDADE ABELHA,COMUNIDADE ABELHA,RIO MARIEPAUA,"-5,34739","-60,57086"
7172664,13,130330,UNIDADE DE SAUDE COMUNIDADE BOA FRENTE,COMUNIDADE BOA FRENTE,RIO ARIPUANA,"-5,55645","-60,38538"
7176325,13,130220,UBS EDSON JACIGUARA PEREIRA,DUCILIO ROCHA,TANCREDO NEVESII,"-3,481","-66,069"
7194153,13,130423,UBS UNIDADE BASICA DE SAUDE PAULA NASCIMENTO DE TONANTINS,RUA SAO SEBASTIAO,MISSAO,"-2,85663","-67,76968"
7194188,13,130423,UBS UNIDADE BASICA DE SAUDE SAO JOSE DO AMPARO DE TONANTINS,COMUNIDADE SAO JOSE DO AMPARO,ZONA RURAL,"-2,74827","-67,59132"
7207786,13,130260,USF N 49,TRAVESSA SERRA DA LUZ,COLONIA TERRA NOVA,"-3,00417","-60,01603"
7237464,13,130020,UNIDADE BASICA DE SAUDE DONA JOANA,RUA CUNHA GOMES,CENTRO,"-4,36481","-70,19371"
2013924,13,130260,USF VICENTE PALLOTTI,RUA APURINA,CENTRO,"-3,12072","-60,01964"
7238177,13,130260,USF L 46,RUA ITAPOAMA,ZUMBI DOS PALMARES,"-3,07304","-59,94574"
7249624,13,130290,CENTRO DE SAUDE SANTA TERESA,ESTRADA DOS MORAES,SANTA TERESA,"-3,384","-57,719"
7265298,13,130370,UNIDADE BASICA DE SAUDE ALZIRA RABELO,RUA ALVARO MAIA,ALVARO MAIA,"-3,09959","-67,94666"
7265808,13,130370,UNIDADE BASICA DE SAUDE DE IPIRANGA,RUA CORONEL ALMIR,CENTRO,"-3,11061","-67,97825"
7282788,13,130190,UNIDADE BASICA DE SAUDE IZOLINA CARDOSO DOS SANTOS,COMUNIDADE SANTA ROSA,ZONA RURAL RIO ARARI,"-3,37703","-58,34676"
7334249,13,130220,UBS MARIA ESTER PEDROSA FERREIRA,ALBERTINA EVANGELISTA,SAO FRANCISCO,"-3,481","-66,069"
7374690,13,130190,UNIDADE PRISIONAL DE ITACOATIARA,ESTRADA AM 010 KM 06,ESTRADA DO CANACARI,"-3,07322","-58,46188"
7400357,13,130260,USF N 51,RUA LIRIO DAS INDIAS,NOVO ALEIXO,"-3,06021","-59,96756"
7401426,13,130250,UBS GABRIEL VITOR RIOS MACHADO,RUA JOAQUIM DE MELO,NOVO MANACA,"-3,27872","-60,64781"
7434588,13,130002,UBS ELISANGELA LITAIFF,RUA RAIMUNDO FRAZAO GONCALVES,OCINE LITAIFF,"-3,21341","-64,81661"
7437668,13,130083,UNIDADE BASICA DE SAUDE ALMIR FRANCO DA COSTA,ESTRADA VALDEMIRO MORAES DE CASTRO,NOVO HORIZONTE,"-3,3137","-61,20827"
7460848,13,130170,USF LAGO DE URUAPEARA,AREA RURAL FLUVIAL COMUNIDADE LAGO DE URUAPEARA,ZONA RURAL,"-7,506","-63,021"
7476116,13,130260,USF O 48,AVENIDA SAPUCAIA,TARUMA,"-3,102","-60,025"
7476108,13,130260,USF L 44,RUA MANDUIRANA,MAUAZINHO,"-3,11672","-59,94052"
7482396,13,130395,UNIDADE BASICA DE SAUDE DALILA MONTEIRO,RUA ALVARO MAIA,CENTRO,"-2,56923","-57,87153"
7489307,13,130390,UNIDADE BASICA DE SAUDE JOSE CARLOS MESTRINHO,LAURO CASTELO BRANCO,JOSE CARLOS MESTRINH,"-3,4723","-68,96736"
7497822,13,130200,UNIDADE BASICA DE SAUDE NERCILIO DE SOUZA LIMA,AV ADEMAR GRANA VIANA,NOVO HORIZONTE,"-2,7379","-58,03195"
7529619,13,130020,UNIDADE BASICA DE SAUDE DE PAUMARI,COMUNIDADE DE PAUMARI,ZONA RURAL,"-4,372","-70,192"
7444028,13,130200,UNIDADE BASICA DE SAUDE DONA NILZA LOPES,RUA MARECHAL DEODORO,CIDADE BAIXA,"-2,74943","-58,0217"
7591926,13,130406,CENTRO DE SAUDE DO BAIRRO IBIRAPUERA,RUA JOAO RAMALHO,IBIRAPUERA,"-4,23761","-69,93545"
5388376,13,130260,USF SANTO ANTONIO,RUA LAURO BITTENCOURT,SANTO ANTONIO,"-3,11589","-60,04181"
7614799,13,130185,UBSF NILCE DOMINGOS DOS REIS,RUA RIO PURUS,SAO FRANCISCO,"-3,27961","-60,18118"
7622686,13,130260,USF N 57,RUA OTONIEL ALENCAR,COLONIA TERRA NOVA,"-3,00194","-60,01063"
7656017,13,130280,UBS MARIA FREITAS DE MORAES,RUA 06,DALILA MACIEL,"-1,85083","-65,58851"
7706979,13,130255,UNIDADE BASICA DE SAUDE ANTUNES DE MATOS GALVAO,RUA A,BAIRRO NOVO,"-3,43059","-60,45931"
7719167,13,130370,POSTO DE SAUDE RAIMUNDO TANGOA SORIA,RUA PROJETADA,SAO JOSE,"-3,09644","-67,93787"
7729715,13,130260,SESI DEPARTAMENTO REGIONAL DO ESTADO DO AMAZONAS,GETULIO VARGAS,CENTRO,"-3,12541","-60,02043"
7675275,13,130260,UBS L 49,RUA LICURI,DISTRITO INDUSTRIAL,"-3,04755","-59,89354"
7768486,13,130340,UNIDADE BASICA DE SAUDE DOM ARCANGELO CERQUA,RUA FAUSTO BULCAO,SAO VICENTE DE PAULA,"-2,63774","-56,73308"
3453944,13,130430,UNIDADE BASICA DE SAUDE MUNDINHA MENDONCA,RUA ANTONIO MONTEIRO FELIPE,SAO PEDRO,"-2,53205","-57,76108"
7788606,13,130260,CENTRO SOCIOEDUCATIVO DE INTERNACAO FEMININA,TRAV A,ALVORADA,"-3,06397","-60,04213"
7788614,13,130260,CENTRO SOCIOEDUCATIVO SENADOR RAIMUNDO PARENTE,RUA 157,CIDADE NOVA,"-3,03025","-59,96922"
7827784,13,130360,CASA DE SAUDE DA FAMILIA SAO JUDAS,ESTRADA DO AEROPORTO,SAO JUDAS TADEU,"-0,41175","-65,01291"
7847866,13,130260,USF FATIMA ANDRADE,RUA INHAPIM,NOVO ALEIXO,"-3,04003","-59,95474"
7907745,13,130423,UBS UNIDADE BASICA DE SAUDE SANTO EXPEDITO DE TONANTINS,RUA OSVALDO BRAGA,SANTO EXPEDITO,"-2,85783","-67,77843"
7910541,13,130400,UBS GUIOMAR DE OLIVEIRA LIRA,AVENIDA SENADOR ALVARO MAIA,PANORAMA,"-2,83581","-58,21562"
7983492,13,130240,CENTRO DE SAUDE ZACARIAS XAVIER DA COSTA,RUA LUIS FALCAO,PANTANAL,"-7,25869","-64,78659"
8006954,13,130353,UBS DE BALBINA,AV RIO NEGRO,WAIMIRI,"-2,03017","-60,02388"
2011999,13,130120,UNIDADE BASICA RIBEIRINHO ENEDINO MONTEIRO,INDEPENDENCIA,CENTRO,"-4,0851","-63,14022"
9034811,13,130370,UNIDADE BASICA DE SAUDE ALONSO DE SOUZA,ESTRADA DO AEROPORTO,PLANALTO,"-3,08927","-67,94872"
9076247,13,130170,USF MARIA IZABEL NASCIMENTO,RUA NORTE SUL,SAO SEBASTIAO,"-7,51324","-63,04041"
9077308,13,130370,UBS LIBERATO CAMARGO BARROSO,ESTRADA JOSE DA COSTA RUAS,VILA PRESIDENTE VARG,"-3,11215","-67,96237"
9093680,13,130406,CENTRO DE SAUDE DO BAIRRO DE VILA VERDE,RUA MACHERAL MALLET,VILA VERDE,"-4,253","-69,938"
9117938,13,130430,UNIDADE BASICA DE SAUDE DR JOAO PEREIRA DE LIMA,RUA MAJOR LOBATO MENDES,CENTRO,"-2,53506","-57,75808"
9140433,13,130270,UBS NILTON PEREIRA DE LIMA,RUA EDUARDO RIBEIRO,SANTA LUZIA,"-5,81937","-61,30062"
9142991,13,130170,USF DRA MARIA DO SOCORRO R PONTES,RUA SANTA CIVITA,SAO CRISTOVAO,"-7,52715","-63,03797"
9145117,13,130170,USF ADRIANA DANTAS DA R BERNARDINO,RUA MANOEL RUI BOTELHO,CONJUNTO RIO MADEIRA,"-7,56008","-63,05689"
9148752,13,130185,UBSF EVANDRO DA COSTA PROGENIO,ESTRADA DA SERRA BAIXA,SERRA BAIXA,"-3,25861","-60,16148"
9159967,13,130110,UNIDADE BASICA DE SAUDE DEODORO DE OLIVEIRA SOUZA,BR 319 KM 22,ZONA RURAL,"-3,36979","-59,8786"
9208267,13,130353,UBS AIDA MENDONCA,RUA VITORIA REGIA,AIDA MENDONCA,"-2,05413","-60,01984"
9375694,13,130310,UNIDADE BASICA DE SAUDE ASSENTAMENTO PAQUEQUER,COMUNIDADE ASSENTAMENTO PAQUQUER,ZONA RURAL,"-3,84385","-59,04317"
9308903,13,130353,UBS CLEMENCIA ASSUNCAO DA SILVA,AVENIDA MARUAGA,MARUAGA,"-2,04205","-59,97439"
9362495,13,130100,UBS PEDRO GALDINO DA SILVA,RUA ANASTACIO CAVALCANTE,CENTRO,"-4,87892","-66,89574"
9362517,13,130100,UBS RAIMUNDA REBELO DE SOUZA FERREIRA,TRAVESSA 02,CONJUNTO DA CAIXA,"-4,86303","-66,88656"
9390219,13,130120,UNIDADE PRISIONAL DE COARI,RUA A,SAO BENEDITO,"-4,09258","-63,14244"
9453679,13,130050,UNIDADE BASICA DE SAUDE IRENE BABA DA COSTA,RUA DO COMERCIO,NOVA CONQUISTA,"-2,79911","-57,06217"
9592814,13,130185,UBS VEREADOR JOAO LIMA,AV ALTOM FURTADO,CIDADE NOVA,"-3,2736","-60,18461"
9486011,13,130356,UNIDADE BASICA DE SAUDE VALDA COSTA,RUA MONTE MORIA,CANAA,"-2,69667","-59,68989"
9783229,13,130260,UBS ANNA BARRETO PEREIRA,AVENIDA AUTAZ MIRIM,JORGE TEIXEIRA,"-3,05667","-59,94765"
9783245,13,130260,UBS DR ANTONIO REIS,RUA ESCANDINAVA,SAO LAZARO,"-3,05525","-59,92873"
9783253,13,130260,UBS CASTELO BRANCO,RUA DO COMERCIO,PARQUE 10 DE NOVEMBR,"-3,05525","-59,92873"
9783342,13,130260,UBS DR ANTONIO COMTE TELLES,RUA BARREIRINHA,SAO JOSE OPERARIO,"-3,07008","-59,92476"
9783369,13,130260,UBS DR DJALMA BATISTA,RUA TEOTONIO VILELA,COMPENSA,"-3,10693","-60,06162"
9783377,13,130260,UBS DR RAIMUNDO FRANCO DE SA,RUA VIRGILIO FERREIRA,NOVA ESPERANCA,"-3,07973","-60,05726"
9783385,13,130260,UBS DR JOSE ANTONIO DA SILVA,RUA GRUMIXAVA,MONTE DAS OLIVEIRAS,"-3,102","-60,025"
9640347,13,130340,UNIDADE BASICA DE SAUDE DO BAIRRO DA UNIAO,RUA CINCO,UNIAO,"-2,64589","-56,73418"
9657851,13,130006,UBS IRMAOS RAMIRES,SAO SEBASTIAO,ZONA RURAL,"-3,39732","-68,46153"
9922776,13,130360,UNIDADE BASICA DE SAUDE SANTA INES,AVENIDA DANILO CORREA,CENTRO,"-0,41666","-65,01749"
9707611,13,130195,UNIDADE BASICA DE SAUDE ELVIRA MARTINS DA SILVA,RUA QUIRINO DE AZEVEDO MAIA,JOAO CAMPELO,"-6,425","-68,253"
9766103,13,130400,UNIDADE DE SAUDE SAO JOSE DO PAMPOLHA,COMUNIDADE SAO JOSE DO PAMPOLHA,ZONA RURAL,"-2,84483","-58,20971"
7445164,13,130060,UNIDADE BASICA DE SAUDE SEBASTIAO CRUZ PLACIDO,RUA 13 DE MAIO,COIMBRA,"-4,3766","-70,01839"
9946853,13,130110,UNIDADE BASICA DE SAUDE ADELIA BENDAHAM MACEDO,TILHEIRO,DISTRITO JANAUACA,"-3,42754","-60,26833"
9948910,13,130110,UNIDADE BASICA DE SAUDE EZEQUIEL PINTO RIBEIRO,COMUNIDADE SAO PEDRO,MAMORI,"-3,61544","-60,13005"
7740905,13,130260,USF NILTON LINS,RUA INGLATERRA,FLORES,"-3,0546","-60,00565"
9991018,13,130050,UNIDADE BASICA DE SAUDE MARIA DA CONCEICAO TRINDADE,RUA RAIMUNDO BELTRAO,LADISLAU LUCAS,"-2,79625","-57,07192"
2011808,13,130260,USF BIANCA AGUIAR DE CARVALHO,RUA CARLOS DRUMMOND DE ANDRADE,JAPIIM,"-3,10318","-59,96451"
7212186,13,130260,USF N 54,RUA FREI JOSE DE LEONISSA,NOVA CIDADE,"-2,98139","-59,98885"
3581748,13,130420,CENTRO DE SAUDE DE SAO MIGUEL,AV MARECHAL DEODORO,CENTRO,"-3,354","-64,711"
3581659,13,130420,CENTRO DE SAUDE ROSSINI BARBOSA LIMA,RUA SAO SEBASTIAO,CAIAMBE,"-3,53212","-64,41173"
2014254,13,130260,USF N 41,RUA IBITITA,NOVA CIDADE,"-3,01189","-59,97945"
2014637,13,130260,USF N 43,RUA DAS JACANAS,CIDADE DE DEUS,"-3,02173","-59,95013"
2015064,13,130260,USF N 03,RUA GUARIRI,CIDADE DE DEUS,"-3,01571","-59,95195"
7163282,13,130260,USF O 46,RUA RAIMUNDO MAIA,TARUMA,"-3,102","-60,025"
4004795,13,130390,UNIDADE BASICA DE SAUDE SANTA RITA DO WEILL,RUA SANTA RITA,ZONA RURAL,"-3,41918","-69,06178"
6905579,13,130260,USF N 02,RUA DOS CURIOS,CIDADE DE DEUS,"-3,102","-60,025"
7096372,13,130260,USF N 52,RUA CHADE,NOVA CIDADE,"-3,00241","-59,97099"
2013851,13,130260,USF DR GILSON MOREIRA,RUA PROF LUIZA DO NASCIMENTO,ZUMBI DOS PALMARES,"-3,07794","-59,94682"
6283608,13,130420,UNIDADE BASICA DE SAUDE SAO FRANCISCO,ESTRADA DA EMADE,COMUNIDADE SAO FRANC,"-3,43604","-64,70595"
5665795,13,130260,UBS UPP,ESTRADA DO PURAQUEQUARA KM 08,PURAQUEQUARA,"-3,102","-60,025"
6834132,13,130002,CENTRO DE SAUDE VILA NOGUEIRA,RUA NITEROI,COMUNIDADE DE NOGUEI,"-3,221","-64,804"
7500831,13,130185,UNIDADE BASICA DE SAUDE ZULEIDE VIEIRA BEZERRA,RUA JOSE NETO,GRACA LOPES,"-3,27043","-60,18448"
2017350,13,130190,UNIDADE BASICA DE SAUDE SANTO ANTONIO,RUA ARMINDO AUZIER,SANTO ANTONIO,"-3,13413","-58,43924"
2708825,13,130190,UNIDADE BASICA DE SAUDE JOSE RESK MAKLOUF,AV EDUARDO RIBEIRO,CENTRO,"-3,14452","-58,44677"
0050555,13,130010,CENTRO DE SAUDE LAURA RODRIGUES TEIXEIRA CUIUANA,COMUNIDADE DO CUIUANA,ZONA RURAL,"-3,77296","-61,64349"
0270431,13,130068,UBS MARIA DO SOCORRO OLIVEIRA MATOS,RUA SHALON,MONTE SIAO,"-2,97861","-57,58098"
0461156,13,130260,USF CLINICA DA FAMILIA DESEMBARGADOR FABIO DO COUTO VALLE,AVENIDA BRIGADEIRO HILARIO GURJAO,JORGE TEIXEIRA,"-3,03367","-59,93261"
0470856,13,130270,UBS JOSE DE JESUS BATISTA DOS SANTOS,COMUNIDADE VILA DE MARAVILHA,ZONA RURAL,"-6,46551","-61,36087"
0493619,13,130260,UBS CDPM I,RODOVIA BR 174,KM 08,"-2,96737","-60,01953"
0694134,13,130270,UBS PONTA DO CAMPO,COMUNIDADE DE PONTA DO CAMPO,ZONA RURAL,"-5,84657","-61,70935"
0827681,13,130260,USF N 60,BR 174 KM 02,LAGO AZUL,"-2,96363","-60,02422"
2011778,13,130260,USF MORRO DA LIBERDADE,RUA DONA MIMI,MORRO DA LIBERDADE,"-3,13545","-60,00002"
2012014,13,130120,UNIDADE BASICA E SPA ENEDINO MONTEIRO,RUA A,PERA,"-4,0855","-63,13053"
2012715,13,130120,UNIDADE BASICA DE SAUDE FRANCISCO PEREIRA BATISTA,RUA VIEIRA MARTINS,CHAGAS AGUIAR,"-4,08765","-63,13662"
2012723,13,130120,UNIDADE BASICA DE SAUDE DR GUERRA,RUA DORIVAL DOS SANTOS,SANTA EFIGENIA,"-4,0944","-63,14235"
2012901,13,130260,USF O 43,RUA BELO HORIZONTE,COMPENSA,"-3,09903","-60,06177"
2013142,13,130250,UBS SEBASTIANA BATISTA DE MELO,RUA PAULO JACOB,CENTRO,"-3,29907","-60,61902"
2013169,13,130250,UBS SAO FRANCISCO,RUA 31 DE MARCO,SAO FRANCISCO,"-3,29083","-60,61616"
2013207,13,130250,UBS SAO JOAO DO UBIM,ESTRADA MANOEL URBANO KM 52,ZONA RURAL,"-3,16597","-60,43023"
2013290,13,130014,POSTO DE SAUDE RURAL EDUARDO BIAZIN,ERNESTO GAISEL,SUCUNDURI,"-7,197","-59,891"
2013940,13,130260,USF SAO FRANCISCO,RUA RODOLFO MONTEIRO MAIA,SAO FRANCISCO,"-3,11379","-60,00544"
2013967,13,130260,USF N 14,RUA CANANEIA,CIDADE NOVA,"-3,0347","-59,97484"
2013983,13,130260,USF N 16,RUA INARI,CIDADE NOVA,"-3,0186","-59,97788"
2014017,13,130260,USF N 17,RUA CHARLOTTE,CIDADE NOVA,"-3,02044","-59,97111"
2014033,13,130260,USF N 19,RUA SAO JUDAS,COLONIA SANTO ANTONI,"-3,02832","-60,00234"
2014068,13,130260,USF N 22,RUA DOUTOR ULISSES GUIMARAES,MONTE DAS OLIVEIRAS,"-3,02065","-59,99367"
2014076,13,130260,USF N 23,RUA PIO IX,MONTE DAS OLIVEIRAS,"-3,01975","-59,9972"
2013800,13,130260,USF MAUAZINHO,AVENIDA ARICA,MAUAZINHO,"-3,12457","-59,94033"
2013886,13,130260,USF MJ PM SALVIO BELOTA,RUA JOAO MONTE FUSCO,SANTA ETELVINA,"-3,07675","-60,14397"
2014130,13,130260,USF N 29,AVENIDA AMAZONINO MENDES,SANTA ETELVINA,"-2,99165","-60,01785"
2014157,13,130260,USF S 05,RUA PICO DAS AGUAS,SAO GERALDO,"-3,11342","-60,02811"
2014165,13,130260,USF N 31,AVENIDA CRISTA,COLONIA TERRA NOVA,"-3,0199","-60,00749"
2014246,13,130260,USF N 40,TRAVESSA ARAXA,CIDADE NOVA,"-3,02341","-59,99621"
2014262,13,130260,USF S 53,RUA CELSO MACHADO,FLORES,"-3,05753","-60,01611"
2014564,13,130260,USF S 40,RUA FRAGATA,PETROPOLIS,"-3,1075","-59,9956"
2014319,13,130260,USF S 21,TRAVESSA ESTRELA DA TARDE,RAIZ,"-3,1301","-59,99793"
2014327,13,130260,USF S 24,RUA ADELINO NETO,CRESPO,"-3,12818","-59,98617"
2014351,13,130260,USF S 32,RUA GENERAL GLICERIO,CACHOEIRINHA,"-3,12577","-60,00887"
2014394,13,130260,USF S 50,RUA GABRIEL GONCALVES,ALEIXO,"-3,09537","-60,00414"
2014408,13,130260,USF S 51,RUA ATAGAMITA,ALEIXO,"-3,09947","-60,00041"
2014416,13,130260,USF S 04,BECO BRAGANCA,PRESIDENTE VARGAS,"-3,11796","-60,02994"
2014424,13,130260,USF S 07,RUA XAVIER DE MENDONCA,NOSSA SENHORA APAREC,"-3,12996","-60,03025"
2014440,13,130260,USF S 12,RUA SANTA ISABEL,CACHOEIRINHA,"-3,1304","-60,01062"
2014483,13,130260,USF S 10,RUA EMILIO MOREIRA,CENTRO,"-3,13242","-60,01552"
2014505,13,130260,USF S 14,RUA DO LABOR,EDUCANDOS,"-3,14344","-60,00825"
2014521,13,130260,USF S 35,TRAVESSA ACENTOR,PETROPOLIS,"-3,10937","-59,98898"
2014645,13,130260,USF L 34,RUA CACHOEIRA DA PRATA,TANCREDO NEVES,"-3,05999","-59,93286"
2014661,13,130260,USF L 36,RUA MANOEL FERREIRA NASCIMENTO,GILBERTO MESTRINHO,"-3,06412","-59,92545"
2014815,13,130260,USF L 29,RUA FLAVIO COSTA,COROADO,"-3,09061","-59,98637"
2014785,13,130260,USF L 24,RUA NESTOR PAZ,ZUMBI DOS PALMARES,"-3,08288","-59,94072"
2014823,13,130260,USF L 30,RUA DO FUTURO,COROADO,"-3,09398","-59,98257"
2014831,13,130260,USF L 31,RUA ALAODIM,COROADO,"-3,08671","-59,98204"
2014882,13,130260,USF L 15,RUA JOSE ROMAO,SAO JOSE OPERARIO,"-3,0631","-59,95954"
2014939,13,130260,USF N 11,RUA ICEM,NOVO ALEIXO,"-3,04294","-59,94778"
2014998,13,130260,USF L 19,RUA LUIS PRESTES,COLONIA ANTONIO ALEI,"-3,08828","-59,89553"
2015005,13,130260,USF L 16,RUA URUCUM,COROADO,"-3,08214","-59,96678"
2015013,13,130260,USF L 18,RUA JOEVA,MAUAZINHO,"-3,11518","-59,94936"
2015021,13,130260,USF L 37,RUA DOS ACAIZEIROS,GILBERTO MESTRINHO,"-3,07156","-59,9263"
2015048,13,130260,USF L 13,RUA EUPALAMIDES,JORGE TEIXEIRA,"-3,05112","-59,92082"
2015080,13,130260,USF N 06,RUA BIAS FORTES,CIDADE DE DEUS,"-3,02669","-59,95282"
2015102,13,130260,USF N 08,RUA IBIPETUBA,NOVO ALEIXO,"-3,04683","-59,94616"
2015110,13,130260,USF L 14,RUA FLORES DA CUNHA,TANCREDO NEVES,"-3,05492","-59,94965"
2015129,13,130260,USF N 09,RUA CAIAPO,NOVO ALEIXO,"-3,05804","-59,95993"
2015153,13,130260,USF L 03,RUA PROF BRASILINA PEDROSA,TANCREDO NEVES,"-3,05803","-59,94326"
2015161,13,130260,USF L 04,RUA PIROFILITA,TANCREDO NEVES,"-3,04831","-59,93935"
2015420,13,130260,USF CLINICA DA FAMILIA DR ANTONIO REIS,RUA ESCANDINAVIA,SAO LAZARO,"-3,13711","-59,99482"
2015196,13,130260,USF L 06,RUA TOPAZIO,TANCREDO NEVES,"-3,05501","-59,93477"
2015218,13,130260,USF L 07,RUA BARREIRINHA,SAO JOSE OPERARIO,"-3,0661","-59,93407"
2015226,13,130260,USF L 09,RUA IGARAPE BEIJA FLOR,ARMANDO MENDES,"-3,09441","-59,94251"
2015234,13,130260,USF L 10,AVENIDA RIO XEROA,ARMANDO MENDES,"-3,0841","-59,944"
2015544,13,130260,USF O 25,RUA AMBROSIO AIRES,SAO JORGE,"-3,1059","-60,02989"
2015528,13,130260,USF O 23,RUA RIO BANANAL,COMPENSA,"-3,11113","-60,06219"
2015447,13,130260,USF DRA LUIZA DO CARMO RIBEIRO FERNANDES,AVENIDA MINISTRO MARIO ANDREAZZA,MAUAZINHO,"-3,13365","-59,94039"
2015471,13,130260,USF O 20,BECO DARCY VARGAS,COMPENSA,"-3,10602","-60,05132"
2015552,13,130260,USF O 26,RUA OLENKA DE MENEZES,SAO JORGE,"-3,11293","-60,03928"
2015706,13,130260,USF O 04,RUA SARRACENIA,REDENCAO,"-3,05545","-60,04623"
2015862,13,130260,USF O 18,RUA VITOR MEIRELLES,COMPENSA,"-3,09899","-60,06732"
2015889,13,130260,USF S 06,RUA SAO JOSE,PRESIDENTE VARGAS,"-3,11963","-60,03004"
2015935,13,130260,USF S 27,RUA SALTO SANTIAGO,RAIZ,"-3,12449","-59,99976"
2015986,13,130260,USF S 29,AVENIDA FERNANDO PESSOA,JAPIIM,"-3,11951","-59,97932"
2016052,13,130260,USF S 02,RUA BARAO DE MONTE ALTO,FLORES,"-3,04898","-60,00157"
2016362,13,130068,UBS HERMINIA MARIA SIMOES,RUA PADRE GABRIEL,CENTRO,"-2,97195","-57,58661"
2016745,13,130260,USF O 19,RUA JAGUANAI,COMPENSA,"-3,11171","-60,05846"
2016184,13,130260,USF PETROPOLIS,RUA DELFIM DE SOUZA,PETROPOLIS,"-3,12069","-59,99302"
2015676,13,130260,USF O 37,RUA MARECHAL RONDON,ALVORADA,"-3,07552","-60,0349"
2015684,13,130260,USF O 38,BECO PERO LOPES,DOM PEDRO I,"-3,08176","-60,04392"
2016737,13,130260,USF O 16,BECO JOAQUIM CARDOSO,COMPENSA,"-3,10099","-60,06378"
2016702,13,130260,USF DR LUIZ MONTENEGRO,RUA DR EXPEDITO TEODORO,NOSSA SENHORA DAS GR,"-3,11244","-60,02182"
2017091,13,130260,USF N 30,RUA SINAGOGA,COLONIA TERRA NOVA,"-3,01048","-60,00809"
2017407,13,130356,UNIDADE BASICA DE SAUDE PAULO ALVES DE SOUZA,RAMAL DO ALTO RIO PRETO,COM NOVA JERUSALEM,"-2,68458","-59,70941"
2017482,13,130280,CENTRO DE SAUDE BENEDITO G RAMOS,AV 07 DE MAIO,CENTRO,"-1,85776","-65,59078"
2018586,13,130350,UNIDADE BASICA DE SAUDE MARIO SAID,RUA 2 VEREADOR PAULO FERREIRA DO NASCIMENTO,PANTANAL,"-7,70972","-67,00036"
2018594,13,130400,UBS ZOLIMA GARCIA,RUA CORONEL GARCIA,CENTRO,"-2,83827","-58,21046"
2019469,13,130260,USF N 37,RUA JOAQUIM MARTINS SANTANA,NOVO ALEIXO,"-3,03964","-59,94278"
2019477,13,130290,CENTRO DE SAUDE JORGE DE ALMEIDA BRITO,RUA ADOLFO CARNEIRO,MIRANTE DO EDEN,"-3,384","-57,719"
2019485,13,130290,CENTRO DE SAUDE CECILIA DE OLIVEIRA SOUZA,RUA PADRE DEMETRIO,RAMALHO JUNIOR,"-3,384","-57,719"
2019493,13,130290,CENTRO DE SAUDE ARACY MAFRA MONTEIRO,AV PEREIRA BARRETO,CENTRO,"-3,384","-57,719"
2019507,13,130290,CENTRO DE SAUDE IRMA VERONICA KUMAGAI,RUA SENADOR JOSE ESTEVES,MARIO FONSECA,"-3,38513","-57,71467"
2019515,13,130290,CENTRO DE SAUDE FRANCISCO SERGIO DE OLIVEIRA LEITE,RUA CEL JOAO VERCOSA ROLIM,SANTA LUZIA,"-3,384","-57,719"
2019612,13,130160,UNIDADE BASICA DE SAUDE MARIA PLACIDO GOMES,AV FRANCISCO PEREIRA DE SOUZA,CIDADE NOVA,"-2,514","-66,092"
2717336,13,130120,UNIDADE BASICA DE SAUDE ALVELOS DANTAS,RUA 02 DE DEZEMBRO,TAUAMIRIM,"-4,08575","-63,14521"
2717352,13,130120,UNIDADE BASICA DE SAUDE MANOEL CARLITO DOS SANTOS,RUA GONCALVES LEDO,ESPIRITO SANTO,"-4,08913","-63,14393"
3005364,13,130440,UBS DOMINGAS ROLIM MOURAO,AVENIDA SAO SEBASTIAO,CENTRO,"-3,12738","-58,15765"
3564282,13,130160,UNIDADE BASICA DE SAUDE DA FAMILIA ANTONIO LISBOA,RUA SAMUEL FRITZ,ACACU,"-2,514","-66,092"
3619990,13,130440,UBS MARIA APARECIDA DE ARAUJO SILVA,AVENIDA EDUARDO RIBEIRO,DISTRITO AUGUSTO MON,"-2,76548","-57,75957"
4004418,13,130260,USF N 38,RUA MORRO CANARANAS,CIDADE NOVA,"-3,02066","-59,96202"
5015855,13,130250,UBS ANTONIO DOS SANTOS MONTEIRO,REPARTIMENTO DO TUIUE,ZONA RURAL,"-3,69425","-61,0633"
5015901,13,130250,UBS PARATARIZINHO,VILA DO PARATARIZINHO,ZONA RURAL,"-3,59129","-60,96219"
5949424,13,130260,USF O 22,RUA PACOBAIBA,COMPENSA,"-3,10102","-60,06004"
6224229,13,130008,UBS URBANA LUZIA NUNES DE MELO,ESTRADA ANAMA CUIA,CENTRO,"-3,58114","-61,40583"
6352383,13,130260,USF L 05,AVENIDA BATRUN,TANCREDO NEVES,"-3,05467","-59,94198"
6568912,13,130350,UNIDADE BASICA DE SAUDE DONA TATA,RUA CASTELO BRANCO,CIDADE BAIXA,"-7,71557","-67,00264"
6825613,13,130260,USF O 45,AVENIDA PRAIA DO FUTURO,TARUMA,"-3,102","-60,025"
6925243,13,130260,USF N 50,RUA VASCO DA ATAIDE,CIDADE NOVA,"-3,03843","-59,98793"
7057202,13,130440,UBS GERSON KETTLE,RUA DAS CASTANHEIRAS,APARECIDA,"-3,13514","-58,15814"
7096380,13,130260,USF N 53,RUA JAZIRA,NOVA CIDADE,"-2,99032","-59,98278"
7172133,13,130260,USF N 55,RUA FREIS CAPUCHINHOS,NOVA CIDADE,"-2,98262","-59,98493"
7212194,13,130260,USF N 56,AVENIDA ACACIA NEGRA,LAGO AZUL,"-2,96824","-60,00846"
7500637,13,130260,USF N 59,RUA DOM JESUS IRINEU,SANTA ETELVINA,"-2,98322","-60,00347"
7594372,13,130260,USF DR JOSE FIGLIUOLO,RUA RIO MAICURU,LAGO AZUL,"-2,96866","-59,99617"
7622694,13,130260,USF N 58,RUA CAPIBARIBE,NOVO ALEIXO,"-3,05125","-59,97373"
7726988,13,130260,USF L 47,RUA GASPAR DE MADRE DEUS,JORGE TEIXEIRA,"-3,0084","-59,9393"
7888457,13,130120,UNIDADE BASICA DE SAUDE CIGANOPOLIS,AVENIDA CASTELO BRANCO,CIGANOPOLIS,"-4,1045","-63,15319"
9362509,13,130100,UBS ANTONIO PEDRO DESIDERIO,RUA MIGUEL SERAFIM,NOSSA SENHORA DE FAT,"-4,87712","-66,90434"
9622934,13,130440,UBS EDNA MATOS PARA,AV CASTELO BRANCO,SAO LAZARO,"-3,12997","-58,15081"
9721274,13,130260,UBS COMPAJ,RODOVIA BR 174,KM 08,"-2,96737","-60,01953"
9721290,13,130260,UBS IPAT,RODOVIA BR 174,KM 08,"-2,96737","-60,01953"
9721304,13,130260,UBS CDPM II,RODOVIA BR 174,KM 08,"-2,96737","-60,01953"
2015188,13,130260,USF L 08,RUA PEDERNEIRAS,ZUMBI DOS PALMARES,"-3,08271","-59,94916"
0950912,13,130010,CENTRO DE SAUDE DIVA RIBEIRO CARVALHO,RUA RAIMUNDO PINTO BRANDAO,SANTO ANTONIO,"-3,74429","-61,65182"
0956244,13,130010,CENTRO DE SAUDE TEREZA MOTA DOS SANTOS,AVENIDA 08 DE DEZEMBRO,ANTONIO CARLOS,"-3,77363","-61,64388"
2014289,13,130260,USF S 11,AVENIDA LOURENCO DA SILVA BRAGA,CENTRO,"-3,13628","-60,0124"
2015994,13,130260,USF S 37,RUA BENTO BRASIL,PETROPOLIS,"-3,11578","-59,99298"
7416628,13,130260,USF L 45,RUA EDMUNDO SOARES,SAO JOSE OPERARIO,"-3,06137","-59,9526"
2013991,13,130260,USF S 01,RUA FORMOSA,FLORES,"-3,04507","-59,99994"
2870339,13,130170,USF ALDEMIR LIMA CELESTINO,TRAVESSA DO HOSPITAL,SAO JOSE,"-7,51507","-63,02627"
5499348,13,130185,UNIDADE BASICA DE SAUDE DA MARCOS DE SOUZA CARVALHO,MORADA DO SOL,MORADA DO SOL,"-3,27246","-60,19693"
3582833,13,130050,POSTO DE SAUDE AIDA MARQUES,CAMETA DO RAMOS,ZONA RURAL,"-2,83984","-57,4162"
3583414,13,130050,POSTO DE SAUDE CELITA MENDES DA COSTA,DISTRITO DE PIRAI,ZONA RURAL,"-3,0555","-57,10419"
0461091,13,130260,USF CLINICA DA FAMILIA SENADOR SEVERIANO NUNES,RUA DAS DALIAS,JORGE TEIXEIRA,"-3,04345","-59,93841"
2015730,13,130260,USF O 07,RUA JOSE ALDO DA S OLIVEIRA,ALVORADA,"-3,08038","-60,04328"
6810322,13,130260,USF O 40,RUA TEOTONIO VILELA,COMPENSA,"-3,09939","-60,05793"
2862751,13,130300,UNIDADE BASICA DE SAUDE SANTA MARIA,COMUNIDADE SANTA MARIA,ZONA RURAL,"-2,26517","-56,82223"
2862778,13,130300,UNIDADE BASICA DE SAUDE DO APEUA,COMUNIDADE DO APEUA,ZONA RURAL,"-2,02274","-57,08232"
3793966,13,130240,CENTRO DE SAUDE EDVAL VENTURA DOS SANTOS,RUA 22 DE OUTUBRO,FONTE,"-7,27069","-64,80105"
2910160,13,130020,UNIDADE BASICA DE SAUDE DE PALMEIRAS DO JAVARI,COMUNIDADE PALMEIRAS DO JAVARI,ZONA RURAL,"-4,532","-70,238"
2943166,13,130160,UNIDADE BASICA DE SAUDE DA FAMILIA JULIA BENACON LINS,ESTRADA DA BARE,BELARMINO LINS,"-2,51372","-66,08163"
2943328,13,130160,UNIDADE BASICA DE SAUDE ENF MARIA VILANY FELIX,03,DELPHINA AZIZ,"-2,51713","-66,10765"
2945355,13,130050,UNIDADE DE SAUDE SILVESTRE RODRIGUES DA COSTA,DISTRITO DE SANTA TEREZA DO MATUPIRI,ZONA RURAL,"-2,98056","-57,09878"
2011956,13,130260,USF REDENCAO,RUA OLINDA,REDENCAO,"-3,05418","-60,04625"
0115681,13,130260,USF CLINICA DA FAMILIA CARMEN NICOLAU,RUA SANTA TEREZA DAVILA,LAGO AZUL,"-2,97438","-60,00902"
0461172,13,130260,USF CLINICA DA FAMILIA PROFESSOR CARLSON GRACIE,AVENIDA CURACAO,NOVA CIDADE,"-2,99181","-59,98522"
2011921,13,130260,USF GERALDO MAGELA,RUA RIO ENVIRA,ARMANDO MENDES,"-3,08891","-59,94257"
2012995,13,130260,USF BALBINA MESTRINHO,RUA CORONEL SILVERIO J NERY,CIDADE NOVA,"-3,04174","-59,98049"
2013002,13,130260,USF LUCIO FLAVIO DE VASCONCELOS DIAS,TRAVESSA COMANDANTE FERRAZ,BETANIA,"-3,13062","-59,99488"
2014572,13,130260,USF S 42,RUA CAMPO GRANDE,JAPIIM,"-3,10236","-59,98594"
2015595,13,130260,USF O 30,RUA SAO MIGUEL,SANTO ANTONIO,"-3,11148","-60,04998"
2015854,13,130260,USF O 17,RUA ZEFERINO BRASIL,COMPENSA,"-3,1103","-60,06486"
2016168,13,130420,UNIDADE BASICA DE SAUDE JOSEFA RODRIGUES DAS CHAGAS,COPACABANA,ABIAL,"-3,34291","-64,69496"
2016079,13,130260,USF RURAL NOSSA SENHORA AUXILIADORA,COMUNIDADE CUEIRAS BR 174 KM 15,ZONA RURAL,"-2,82804","-60,02942"
3581675,13,130420,UNIDADE BASICA DE SAUDE ENF FRANCISCA DAS CHAGAS TRINDADE,RUA BOM JARDIM,SAO JOAO,"-3,35891","-64,72648"
4145453,13,130020,UNIDADE BASICA DE SAUDE ANTONIO MARIANO DE SOUZA,RUA 31 DE MARCO,CENTRO,"-4,36614","-70,19453"
6568890,13,130350,UNIDADE BASICA DE SAUDE JOSE ROBERTO,RUA 05 PEDRO ALMEIDA JUNIOR,SAO FRANCISCO,"-7,70808","-66,99458"
2019213,13,130110,UNIDADE BASICA DE SAUDE SANTA HELENA,RUA ELCIDES LOPES,DISTRITO DO JANUACA,"-3,52706","-60,23113"
0184888,13,130180,UBS FRANCISCO OLEGARIO,MORRO DO ENCARNADO,MORRO DO ENCARNADO,"-7,04713","-71,68639"
2014122,13,130260,USF N 28,RUA PROFESSORA AURORA REGO,SANTA ETELVINA,"-2,98968","-59,99598"
3320413,13,130426,CENTRO DE SAUDE MARIO LOPES,AVENIDA FRANCO LOPES,CENTRO,"-2,98465","-65,15767"
4079892,13,130426,UBS REGINA NUNES,COMUNIDADE PUNA,ZONA RURAL,"-3,0309","-65,04733"
7064438,13,130426,UBS CEZAR AUGUSTO PINEDO,RUA MANOEL CUSTODIO,NOVO II,"-2,98033","-65,16454"
9718877,13,130260,CENTRO DE DETENCAO FEMININO CDF,RODOVIA BR 174,KM 08,"-2,96737","-60,01953"
2016109,13,130260,USF RURAL NOSSA SENHORA DE FATIMA,COMUNIDADE NOSSA SRA DE FATIMA,ZONA RURAL,"-3,15069","-59,27765"
5060818,13,130430,UNIDADE BASICA DE SAUDE OSVALDO DA SILVA DE OLIVEIRA,RUA CARVALHO LEAL,SAO JOSE,"-2,536","-57,76"
4108892,13,130120,UNIDADE BASICA DE SAUDE LAERCIO BRAGA DE SOUZA,ESTRADA COARI ITAPEUA,VILA ITAPEUA,"-4,06077","-63,02841"
2019299,13,130110,UNIDADE BASICA DE SAUDE JOANA PINHEIRO,ARACA BR 319 KM 54,DISTRITO DO ARACA,"-3,45196","-60,00612"
3576604,13,130110,UNIDADE BASICA DE SAUDE BOA ESPERANCA,RODOVIA AM 254 KM 17,ZONA RURAL,"-3,51653","-59,81095"
3576612,13,130110,UNIDADE BASICA DE SAUDE JOANA CARVALHO DE SOUZA,BR 319 KM 115,ZONA RURAL,"-3,84004","-60,41774"
3576620,13,130110,UNIDADE BASICA DE SAUDE DEUZIVANA MARINHO DE PAULA,AV ADAIL DE SA,CENTRO,"-3,82117","-60,36668"
3576647,13,130110,UNIDADE BASICA DE SAUDE TEODORO LUIZ DE MOURA,RUA JASMIM,NOVO HORIZONTE,"-3,81483","-60,36095"
6871550,13,130110,UNIDADE BASICA DE SAUDE JOSIAS LIRA LEMOS,AV NUNES DE MELO,DISTRITO DO PURUPURU,"-3,38193","-59,72199"
6871569,13,130110,UNIDADE BASICA DE SAUDE RAIMUNDO CAVALCANTE,RUA LAGO PRETO,SEBASTIAO BORGES,"-3,81413","-60,35324"
9948899,13,130110,UNIDADE BASICA DE SAUDE JORGE ROQUE VIEIRA,CINTURAO VERDE,JANAUACA,"-3,56625","-60,29237"
2016559,13,130300,POSTO DE SAUDE MUNICIPAL CUTIPANA,COMUNIDADE DO CUTIPANA CRISTO REI,ZONA RURAL,"-2,29347","-56,80249"
4158415,13,130180,UBS DR JANDER BARBOSA DA SILVA,RUA JOSE RAIMUNDO MACIEL,CENTRO,"-7,05017","-71,69176"
4143493,13,130068,UBS RAIMUNDO ROLIM DA CRUZ,AVENIDA MANAUS,ESPERANCA,"-2,96855","-57,58622"
7500866,13,130185,UBS VALDENICE TRINDADE DE SOUZA,RUA NOVE,CACAU PIRERA,"-3,17188","-60,08798"
9099778,13,130400,UBS LIVRAMENTO,COMUNIDADE LIVRAMENTO,ZONA RURAL,"-2,83726","-58,63214"
2014378,13,130260,USF S 46,RUA CARDOSO NUNES,SAO FRANCISCO,"-3,10973","-60,00375"
2014491,13,130260,USF S 13,RUA UNIVERSAL,EDUCANDOS,"-3,13817","-60,00876"
2014602,13,130260,USF S 49,RUA RIO ABUNA,PETROPOLIS,"-3,10529","-59,99683"
2015951,13,130260,USF S 33,RUA EMILE ZOLA,JAPIIM,"-3,11612","-59,98666"
2016044,13,130260,USF S 44,RUA DONA RAQUEL SOUZA,PETROPOLIS,"-3,11021","-59,99663"
4180852,13,130340,UNIDADE BASICA DE SAUDE DONA NAZA,COMUNIDADE DA VALERIA,ZONA RURAL,"-2,47614","-56,44284"
7500882,13,130185,UBSF MARIA DE FATIMA MONTEIRO NUNES,COMUNIDADE BOS ESPERANCA,ZONA RURAL,"-3,19948","-60,168"
3581799,13,130420,CENTRO DE SAUDE DRA MAIRA FACHINI,RUA PEDRO COCA,MONTE CASTELO,"-3,35621","-64,71611"
2910179,13,130020,UNIDADE BASICA DE SAUDE ESTIRAO DO EQUADOR,COMUNIDADE ESTIRAO DO EQUADOR,ZONA RURAL,"-4,22042","-70,81787"
3027163,13,130260,USF ENFERMEIRA IVONE LIMA DOS SANTOS,RUA LUIZ CORRENTE,COROADO,"-3,08233","-59,97327"
3974405,13,130060,UNIDADE BASICA DE SAUDE ENFERMEIRA LEONTINA LIMA DA SILVA,RUA 21 DE ABRIL,CENTRO,"-4,37605","-70,03091"
2016117,13,130260,USF RURAL NOSSA SENHORA DO LIVRAMENTO,COMUNIDADE NOSSA SRA DO LIVRAMENTO,ZONA RURAL,"-3,0272","-60,17975"
3809757,13,130260,USF RURAL PAU ROSA,ENTRADA DO KM 21 BR 174 RAMAL DO PAU ROSA,ZONA RURAL,"-2,77776","-60,13391"
2841525,13,130330,UNIDADE BASICA DE SAUDE ANGELA VALE DOS SANTOS,ESTRADA DO ARARA,SAO SEBASTIAO DO ARA,"-5,21011","-60,05174"
2013193,13,130250,UBS SANTO ANTONIO,RUA MARIO SILVA DE ALMEIDA,TERRA PRETA,"-3,29271","-60,6356"
2015277,13,130040,UBS FELICIANO MATOS LEMOS PAPAGUARA,RUA CLOVIS GADELHA,SAO SEBASTIAO,"-0,975","-62,924"
2708868,13,130270,UBS MAE LAURINDA,RUA MAJOR PAES BARRETO,SAO DOMINGOS SAVIO,"-5,80584","-61,29414"
6791611,13,130270,UBS SANTO ANTONIO DO MATUPI,BR 230 RODOVIA TRANSAMAZONIA,SANTO ANTONIO DO MAT,"-5,809","-61,3"
4257154,13,130040,UBS RAIMUNDO MONDENGO RODRIGUES SAMPAIO,DISTRITO DE MOURA,ZONA RURAL,"-1,00983","-62,86617"
4257189,13,130040,UBS DR ALFREDO AUGUSTO PEREIRA CAMPOS,ESTRADA BARCELOS CAURES,SAO LAZARO,"-0,9785","-62,93104"
4257243,13,130040,UBS MARIA LUCIA RODRIGUES BAHIA,TRAVESSA DORVAL PORTO,NOSSA SENHORA DE NAZ,"-0,97319","-62,91997"
4257251,13,130040,UBS ANTONIO SORIANO LOPES,AVENIDA FREI MATHIAS SAO BOAVENTURA,MARARA,"-0,95405","-62,9411"
6548806,13,130170,USF DR IGOR PEREIRA MEDEIROS,AREA RURAL FLUVIAL RIO MADEIRA,ZONA RURAL,"-7,50685","-63,02069"
